Date,Stock,Close_Price,Sector
2005-01-01,BP,3.0736389653253635,4
2005-01-01,BP,3.1588040382625846,4
2005-01-01,BP,3.127412218523392,4
2005-01-01,BP,3.1030799016539863,4
2005-01-01,BP,3.0915197834600336,4
2005-01-01,BP,3.135424305011636,4
2005-01-01,BP,3.1900148381787723,4
2005-01-01,BP,3.2272600732510694,4
2005-01-01,BP,3.27041148719062,4
2005-01-01,BP,3.205543554128139,4
2005-01-01,BP,3.1970743383904265,4
2005-01-01,BP,3.1802554258750777,4
2005-01-01,BP,3.2989025693734613,4
2005-01-01,BP,3.2139388840361542,4
2005-01-01,BP,3.2593462439211685,4
2005-01-01,BP,3.3263836077765156,4
2005-01-01,BP,3.2845552907211952,4
2005-01-01,BP,3.2764268804592307,4
2005-01-01,BP,3.3173808026490548,4
2005-01-01,BP,3.253761214011285,4
2005-01-01,BP,3.225236700826124,4
2005-01-01,BP,3.2481500768777645,4
2005-01-01,BP,3.262649416169083,4
2005-01-01,BP,3.256849455124335,4
2005-01-01,BP,3.2018623295322426,4
2005-01-01,BP,3.170352257238831,4
2005-01-01,BP,3.231208370477749,4
2005-01-01,BP,3.2701319634141144,4
2005-01-01,BP,3.265516842315158,4
2005-01-01,BP,3.348393129329323,4
2005-01-01,BP,3.309671365116899,4
2005-01-01,BP,3.2798357965836824,4
2005-01-01,BP,3.3185524013434886,4
2005-01-01,BP,3.435967040073485,4
2005-01-01,BP,3.366277510982773,4
2005-01-01,BP,3.380360493964504,4
2005-01-01,BP,3.245676764417786,4
2005-01-01,BP,3.25996077309435,4
2005-01-01,BP,3.2048903909642172,4
2005-01-01,BP,3.3873491254973165,4
2005-01-01,BP,3.383495089993248,4
2005-01-01,BP,3.3533770534462475,4
2005-01-01,BP,3.2291040989913116,4
2005-01-01,BP,3.1650865334844767,4
2005-01-01,BP,3.0403334035381873,4
2005-01-01,BP,3.030921336917104,4
2005-01-01,BP,3.0103898728697542,4
2005-01-01,BP,2.9875233950051108,4
2005-01-01,BP,2.8917208264705825,4
2005-01-01,BP,2.7899383400232125,4
2005-01-01,BP,2.854492150279334,4
2005-01-01,BP,2.9116785960035574,4
2005-01-01,BP,3.065088784868927,4
2005-01-01,BP,3.0453053248663773,4
2005-01-01,BP,3.0936162264568527,4
2005-01-01,BP,3.1214040162985075,4
2005-01-01,BP,3.1720792890133933,4
2005-01-01,BP,3.233819232201704,4
2005-01-01,BP,3.243661325674816,4
2005-01-01,BP,3.2714979669340063,4
2005-01-01,BP,3.239064783922268,4
2005-01-01,BP,3.185818779861795,4
2005-01-01,BP,3.270978411593912,4
2005-01-01,BP,3.1808239900779376,4
2005-01-01,BP,2.986736164867794,4
2005-01-01,BP,2.589848915645686,4
2005-01-01,BP,2.8765787036167647,4
2005-01-01,BP,2.7771789343990245,4
2005-01-01,BP,2.944409465020479,4
2005-01-01,BP,2.935382051752368,4
2005-01-01,BP,2.915579418378182,4
2005-01-01,BP,3.0147458261549485,4
2005-01-01,BP,3.086798017436252,4
2005-01-01,BP,3.1076451812723183,4
2005-01-01,BP,3.0230830782965032,4
2005-01-01,BP,3.067397035718378,4
2005-01-01,BP,3.069561972511506,4
2005-01-01,BP,3.0358567897853836,4
2005-01-01,BP,3.0614909319601833,4
2005-01-01,BP,2.9186101285905077,4
2005-01-01,BP,2.8402370584998264,4
2005-01-01,BP,3.043047787903605,4
2005-01-01,BP,3.0286853151826114,4
2005-01-01,BP,3.0197908872150334,4
2005-01-01,BP,3.091338482063906,4
2005-01-01,BP,3.1182017289837294,4
2005-01-01,BP,3.0817008045191323,4
2005-01-01,BP,3.045728607561973,4
2005-01-01,BP,2.8712547717049235,4
2005-01-01,BP,2.9892740671571034,4
2005-01-01,BP,2.973361715714163,4
2005-01-01,BP,3.026082515904217,4
2005-01-01,BP,3.0445475962436728,4
2005-01-01,BP,3.056982310109413,4
2005-01-01,BP,3.030282167587038,4
2005-01-01,BP,3.040012849372644,4
2005-01-01,BP,3.1068901703968734,4
2005-01-01,BP,3.009781262681011,4
2005-01-01,BP,3.0694578854556567,4
2005-01-01,BP,3.0985468646320156,4
2005-01-01,BP,3.0825943337349013,4
2005-01-01,BP,3.067277985250916,4
2005-01-01,BP,3.060064988478829,4
2005-01-01,BP,3.0566811369448144,4
2005-01-01,BP,3.0871926987323155,4
2005-01-01,BP,3.1882611072203693,4
2005-01-01,BP,3.19916898308454,4
2005-01-01,BP,3.2448424415719193,4
2005-01-01,BP,3.2088173201346644,4
2005-01-01,BP,3.2851622377186738,4
2005-01-01,BP,3.2460904723933126,4
2005-01-01,BP,3.297155246030367,4
2005-01-01,BP,3.2937910152968644,4
2005-01-01,BP,3.349881868089301,4
2005-01-01,BP,3.275526136080874,4
2005-01-01,BP,3.252180081092344,4
2005-01-01,BP,3.179488319241375,4
2005-01-01,BP,3.1682765644856667,4
2005-01-01,BP,3.068169143576921,4
2005-01-01,BP,3.051685157780158,4
2005-01-01,BP,3.070139436698275,4
2005-01-01,BP,3.1351928094267887,4
2005-01-01,BP,3.0919766177209658,4
2005-01-01,BP,3.1905127384427265,4
2005-01-01,BP,3.150327648191026,4
2005-01-01,BP,3.127496484924647,4
2005-01-01,BP,3.0497241215967494,4
2005-01-01,BP,2.952356279314535,4
2005-01-01,BP,2.8758659373981876,4
2005-01-01,BP,3.031324521788442,4
2005-01-01,BP,3.0000274451109674,4
2005-01-01,BP,2.9147606372453625,4
2005-01-01,BP,2.949653702593942,4
2005-01-01,BP,2.842815585971626,4
2005-01-01,BP,2.90054376565337,4
2005-01-01,BP,3.007295222536914,4
2005-01-01,BP,2.9401722860677495,4
2005-01-01,COP,2.909810439238434,4
2005-01-01,COP,3.0880104657572756,4
2005-01-01,COP,3.065159430303082,4
2005-01-01,COP,3.037041149040189,4
2005-01-01,COP,3.065159430303082,4
2005-01-01,COP,3.1351363167017055,4
2005-01-01,COP,3.2201313687404793,4
2005-01-01,COP,3.2773049374439145,4
2005-01-01,COP,3.3357685038797515,4
2005-01-01,COP,3.2687759220341928,4
2005-01-01,COP,3.196317143314512,4
2005-01-01,COP,3.1570504167836217,4
2005-01-01,COP,3.26326965543662,4
2005-01-01,COP,3.2037260920123023,4
2005-01-01,COP,3.2451760164429113,4
2005-01-01,COP,3.302861975156395,4
2005-01-01,COP,3.2473909296063233,4
2005-01-01,COP,3.2878556957823637,4
2005-01-01,COP,3.3342231029629077,4
2005-01-01,COP,3.2605463850360183,4
2005-01-01,COP,3.1970898554006375,4
2005-01-01,COP,3.2089459337170294,4
2005-01-01,COP,3.3255740227006614,4
2005-01-01,COP,3.392385438778044,4
2005-01-01,COP,3.3122616856521243,4
2005-01-01,COP,3.2957116795844903,4
2005-01-01,COP,3.3471521158528965,4
2005-01-01,COP,3.3616761472826746,4
2005-01-01,COP,3.471884729392053,4
2005-01-01,COP,3.4913320972475836,4
2005-01-01,COP,3.520704981016489,4
2005-01-01,COP,3.5386338586007935,4
2005-01-01,COP,3.6079766869827488,4
2005-01-01,COP,3.575437786350437,4
2005-01-01,COP,3.5206298312076796,4
2005-01-01,COP,3.6188431615276864,4
2005-01-01,COP,3.521504311142164,4
2005-01-01,COP,3.553443696323194,4
2005-01-01,COP,3.4773721448409693,4
2005-01-01,COP,3.5999696086925077,4
2005-01-01,COP,3.6775539076459496,4
2005-01-01,COP,3.696390353497782,4
2005-01-01,COP,3.55102966860708,4
2005-01-01,COP,3.567605546892502,4
2005-01-01,COP,3.4485644387745977,4
2005-01-01,COP,3.106122291512412,4
2005-01-01,COP,3.125294283164387,4
2005-01-01,COP,3.1114907085987644,4
2005-01-01,COP,3.025461815216237,4
2005-01-01,COP,2.784433030732968,4
2005-01-01,COP,2.8429377046610327,4
2005-01-01,COP,2.8888541587980656,4
2005-01-01,COP,3.000438816492508,4
2005-01-01,COP,2.924606347822282,4
2005-01-01,COP,2.963086054234831,4
2005-01-01,COP,3.00336091535769,4
2005-01-01,COP,3.006243641840987,4
2005-01-01,COP,3.111648689823279,4
2005-01-01,COP,3.152618379309501,4
2005-01-01,COP,3.1390047002721113,4
2005-01-01,COP,3.0770082163581685,4
2005-01-01,COP,3.0770082163581685,4
2005-01-01,COP,3.1511539381583185,4
2005-01-01,COP,3.2967535977995195,4
2005-01-01,COP,3.164548742329043,4
2005-01-01,COP,3.1199106276710977,4
2005-01-01,COP,3.237580563256092,4
2005-01-01,COP,3.195889031930486,4
2005-01-01,COP,3.2869765952635155,4
2005-01-01,COP,3.3205359294440666,4
2005-01-01,COP,3.342585814332662,4
2005-01-01,COP,3.466389432946269,4
2005-01-01,COP,3.5145503172505923,4
2005-01-01,COP,3.60045282914052,4
2005-01-01,COP,3.6345325552351913,4
2005-01-01,COP,3.6223117964061857,4
2005-01-01,COP,3.5477258769023767,4
2005-01-01,COP,3.583381387967287,4
2005-01-01,COP,3.5398901952045887,4
2005-01-01,COP,3.492725718562172,4
2005-01-01,COP,3.4203901072264578,4
2005-01-01,COP,3.5156715908951557,4
2005-01-01,COP,3.549140742975278,4
2005-01-01,COP,3.5706413526772547,4
2005-01-01,COP,3.504554969642129,4
2005-01-01,COP,3.619908312541384,4
2005-01-01,COP,3.621855037265381,4
2005-01-01,COP,3.562504378895631,4
2005-01-01,COP,3.51669962456601,4
2005-01-01,COP,3.598285109837252,4
2005-01-01,COP,3.572177669918055,4
2005-01-01,COP,3.6261332507822166,4
2005-01-01,COP,3.632976936002668,4
2005-01-01,COP,3.644625841098248,4
2005-01-01,COP,3.6403680196352033,4
2005-01-01,COP,3.658640530963636,4
2005-01-01,COP,3.658813220866812,4
2005-01-01,COP,3.657950358247049,4
2005-01-01,COP,3.7057047890332946,4
2005-01-01,COP,3.711511590560875,4
2005-01-01,COP,3.726127105627872,4
2005-01-01,COP,3.7226541527021944,4
2005-01-01,COP,3.7922419442399793,4
2005-01-01,COP,3.8247808611799226,4
2005-01-01,COP,3.872061808223269,4
2005-01-01,COP,3.925560866984791,4
2005-01-01,COP,3.9282459089857222,4
2005-01-01,COP,3.8982681802676695,4
2005-01-01,COP,3.814147748157379,4
2005-01-01,COP,3.837731840601741,4
2005-01-01,COP,3.9046484681381592,4
2005-01-01,COP,3.95941172183592,4
2005-01-01,COP,4.032442198241119,4
2005-01-01,COP,4.111192872062739,4
2005-01-01,COP,4.0727882007671115,4
2005-01-01,COP,4.06560816544618,4
2005-01-01,COP,4.005998607557528,4
2005-01-01,COP,3.9471939308565,4
2005-01-01,COP,3.8690043543671986,4
2005-01-01,COP,3.9132654431215546,4
2005-01-01,COP,3.821106586030029,4
2005-01-01,COP,3.8557492278992287,4
2005-01-01,COP,3.8204215312958185,4
2005-01-01,COP,3.9074325598992656,4
2005-01-01,COP,3.842972612101647,4
2005-01-01,COP,3.817948138665368,4
2005-01-01,COP,3.619175229233073,4
2005-01-01,COP,3.608595572862201,4
2005-01-01,COP,3.5840862137433165,4
2005-01-01,COP,3.690592787308338,4
2005-01-01,COP,3.7170607949524137,4
2005-01-01,COP,3.570681066650782,4
2005-01-01,COP,3.392762388590339,4
2005-01-01,COP,3.248499437827105,4
2005-01-01,COP,3.430518496315005,4
2005-01-01,COP,3.6017284841408035,4
2005-01-01,COP,3.5143173267483294,4
2005-01-01,CVX,3.2425835001565946,4
2005-01-01,CVX,3.3746432390680345,4
2005-01-01,CVX,3.318894376969614,4
2005-01-01,CVX,3.2043646115483715,4
2005-01-01,CVX,3.2380224831239657,4
2005-01-01,CVX,3.2859922828578343,4
2005-01-01,CVX,3.322685341290213,4
2005-01-01,CVX,3.3794796373978273,4
2005-01-01,CVX,3.439706094698616,4
2005-01-01,CVX,3.313760471363753,4
2005-01-01,CVX,3.317956754548492,4
2005-01-01,CVX,3.3164592672408,4
2005-01-01,CVX,3.361408834592214,4
2005-01-01,CVX,3.3113374356356053,4
2005-01-01,CVX,3.3453563468752687,4
2005-01-01,CVX,3.396632164785501,4
2005-01-01,CVX,3.3762687274857934,4
2005-01-01,CVX,3.4220904176645903,4
2005-01-01,CVX,3.4803045228108496,4
2005-01-01,CVX,3.4591021238272464,4
2005-01-01,CVX,3.4740279589369947,4
2005-01-01,CVX,3.5094700271573784,4
2005-01-01,CVX,3.5828973735256,4
2005-01-01,CVX,3.6069060935185018,4
2005-01-01,CVX,3.5980266601361555,4
2005-01-01,CVX,3.5363379645579234,4
2005-01-01,CVX,3.619902079714546,4
2005-01-01,CVX,3.67039093682803,4
2005-01-01,CVX,3.716858743400577,4
2005-01-01,CVX,3.757258072451538,4
2005-01-01,CVX,3.769293820290517,4
2005-01-01,CVX,3.79819473245738,4
2005-01-01,CVX,3.86946485054463,4
2005-01-01,CVX,3.8470963067458777,4
2005-01-01,CVX,3.8053676217068486,4
2005-01-01,CVX,3.873491892092729,4
2005-01-01,CVX,3.7591982360489578,4
2005-01-01,CVX,3.799342657268468,4
2005-01-01,CVX,3.791402983478197,4
2005-01-01,CVX,3.910434983714239,4
2005-01-01,CVX,3.941159435199281,4
2005-01-01,CVX,3.947631580145578,4
2005-01-01,CVX,3.7886608520231073,4
2005-01-01,CVX,3.809260734941186,4
2005-01-01,CVX,3.7712912440230313,4
2005-01-01,CVX,3.6708758743698966,4
2005-01-01,CVX,3.728309550217092,4
2005-01-01,CVX,3.671017533141921,4
2005-01-01,CVX,3.62325422211448,4
2005-01-01,CVX,3.4734656415312024,4
2005-01-01,CVX,3.5847893789684706,4
2005-01-01,CVX,3.5676898438951152,4
2005-01-01,CVX,3.5762762136160187,4
2005-01-01,CVX,3.5795831247472516,4
2005-01-01,CVX,3.627042460413089,4
2005-01-01,CVX,3.633784926594296,4
2005-01-01,CVX,3.65072412934857,4
2005-01-01,CVX,3.733918283799907,4
2005-01-01,CVX,3.753326448130976,4
2005-01-01,CVX,3.748543298153655,4
2005-01-01,CVX,3.6831991940720386,4
2005-01-01,CVX,3.685691968280332,4
2005-01-01,CVX,3.742887114139747,4
2005-01-01,CVX,3.814259478355989,4
2005-01-01,CVX,3.7167002448425217,4
2005-01-01,CVX,3.64113355194718,4
2005-01-01,CVX,3.757179781872406,4
2005-01-01,CVX,3.7288325409698033,4
2005-01-01,CVX,3.828061892193745,4
2005-01-01,CVX,3.8470050399484186,4
2005-01-01,CVX,3.827074069790104,4
2005-01-01,CVX,3.955119194233685,4
2005-01-01,CVX,3.994655716459438,4
2005-01-01,CVX,4.083500107317604,4
2005-01-01,CVX,4.126406866892447,4
2005-01-01,CVX,4.144385830196059,4
2005-01-01,CVX,4.102111877477551,4
2005-01-01,CVX,4.089886512120426,4
2005-01-01,CVX,4.101295522179147,4
2005-01-01,CVX,4.050214647613507,4
2005-01-01,CVX,3.99287290582621,4
2005-01-01,CVX,4.119128103136764,4
2005-01-01,CVX,4.097671477848907,4
2005-01-01,CVX,4.139771538107426,4
2005-01-01,CVX,4.108459500445345,4
2005-01-01,CVX,4.165014138012895,4
2005-01-01,CVX,4.154991144485975,4
2005-01-01,CVX,4.148909337143713,4
2005-01-01,CVX,4.068327800946498,4
2005-01-01,CVX,4.147872119242333,4
2005-01-01,CVX,4.18581604041263,4
2005-01-01,CVX,4.209087613060656,4
2005-01-01,CVX,4.255541174922286,4
2005-01-01,CVX,4.1997946429606525,4
2005-01-01,CVX,4.157645342481347,4
2005-01-01,CVX,4.189147027230977,4
2005-01-01,CVX,4.251955934822024,4
2005-01-01,CVX,4.2691756337194535,4
2005-01-01,CVX,4.291085482568646,4
2005-01-01,CVX,4.317579051784115,4
2005-01-01,CVX,4.323625349700709,4
2005-01-01,CVX,4.295069806367344,4
2005-01-01,CVX,4.356916461601072,4
2005-01-01,CVX,4.312577087347411,4
2005-01-01,CVX,4.32964927849341,4
2005-01-01,CVX,4.316893454339698,4
2005-01-01,CVX,4.337356361445444,4
2005-01-01,CVX,4.365690714406224,4
2005-01-01,CVX,4.253286449718441,4
2005-01-01,CVX,4.285894498121831,4
2005-01-01,CVX,4.325307599857227,4
2005-01-01,CVX,4.379405653004045,4
2005-01-01,CVX,4.357415860680289,4
2005-01-01,CVX,4.427196463454213,4
2005-01-01,CVX,4.4171114694787725,4
2005-01-01,CVX,4.4187352614510855,4
2005-01-01,CVX,4.345713030587412,4
2005-01-01,CVX,4.350978709063415,4
2005-01-01,CVX,4.254058352497023,4
2005-01-01,CVX,4.293239466201207,4
2005-01-01,CVX,4.203290447259061,4
2005-01-01,CVX,4.242968084844305,4
2005-01-01,CVX,4.236681479569634,4
2005-01-01,CVX,4.292982004447448,4
2005-01-01,CVX,4.2176406886189355,4
2005-01-01,CVX,4.162058658932595,4
2005-01-01,CVX,4.075603333570722,4
2005-01-01,CVX,3.987152516572442,4
2005-01-01,CVX,3.9732760200677566,4
2005-01-01,CVX,4.114888175424036,4
2005-01-01,CVX,4.119717758076751,4
2005-01-01,CVX,4.1168526596045005,4
2005-01-01,CVX,4.077284930792691,4
2005-01-01,CVX,4.041614906722074,4
2005-01-01,CVX,4.188170070000475,4
2005-01-01,CVX,4.256827480329286,4
2005-01-01,CVX,4.245212161752272,4
2005-01-01,ENB,1.6998528842462484,4
2005-01-01,ENB,1.6795096339226467,4
2005-01-01,ENB,1.7238697648702783,4
2005-01-01,ENB,1.7038569634895944,4
2005-01-01,ENB,1.7638522893104782,4
2005-01-01,ENB,1.8351868619149845,4
2005-01-01,ENB,1.8470456715928916,4
2005-01-01,ENB,1.872380963042195,4
2005-01-01,ENB,1.9570467673361505,4
2005-01-01,ENB,1.9177503813595576,4
2005-01-01,ENB,1.9306995457365337,4
2005-01-01,ENB,1.944471450592835,4
2005-01-01,ENB,1.9597055017093767,4
2005-01-01,ENB,1.9524348374140656,4
2005-01-01,ENB,1.8726518330956847,4
2005-01-01,ENB,1.9053634021220187,4
2005-01-01,ENB,1.9630056838732053,4
2005-01-01,ENB,1.938483283375193,4
2005-01-01,ENB,1.9854484481998131,4
2005-01-01,ENB,2.0143646854600408,4
2005-01-01,ENB,2.001323546721552,4
2005-01-01,ENB,2.049671635056461,4
2005-01-01,ENB,2.089572785181322,4
2005-01-01,ENB,2.0717804318547066,4
2005-01-01,ENB,2.005690500960933,4
2005-01-01,ENB,1.9909864088050897,4
2005-01-01,ENB,2.027630983636433,4
2005-01-01,ENB,2.038293260328278,4
2005-01-01,ENB,2.113007546362338,4
2005-01-01,ENB,2.0698891815764027,4
2005-01-01,ENB,2.1167321464334345,4
2005-01-01,ENB,2.066924275610141,4
2005-01-01,ENB,2.16017597413273,4
2005-01-01,ENB,2.3149885864202986,4
2005-01-01,ENB,2.176405758029158,4
2005-01-01,ENB,2.265972585924787,4
2005-01-01,ENB,2.250518622039143,4
2005-01-01,ENB,2.284838406679772,4
2005-01-01,ENB,2.292008421621421,4
2005-01-01,ENB,2.292493969873849,4
2005-01-01,ENB,2.372723853109936,4
2005-01-01,ENB,2.3474104768210333,4
2005-01-01,ENB,2.363492052304738,4
2005-01-01,ENB,2.3182734009500163,4
2005-01-01,ENB,2.229399983656902,4
2005-01-01,ENB,2.133302095429501,4
2005-01-01,ENB,1.97722298496646,4
2005-01-01,ENB,2.0781081913292487,4
2005-01-01,ENB,2.08822056576107,4
2005-01-01,ENB,1.9919649668779025,4
2005-01-01,ENB,1.966949165047009,4
2005-01-01,ENB,2.0357106270653755,4
2005-01-01,ENB,2.1763880142233147,4
2005-01-01,ENB,2.1640558585778624,4
2005-01-01,ENB,2.2759033345752915,4
2005-01-01,ENB,2.233030042803718,4
2005-01-01,ENB,2.2837110219590855,4
2005-01-01,ENB,2.284741812395157,4
2005-01-01,ENB,2.3808940739470814,4
2005-01-01,ENB,2.4672995152197035,4
2005-01-01,ENB,2.4059579033490532,4
2005-01-01,ENB,2.4244201869608157,4
2005-01-01,ENB,2.508935827771555,4
2005-01-01,ENB,2.52059517502076,4
2005-01-01,ENB,2.446057234831649,4
2005-01-01,ENB,2.493197129592207,4
2005-01-01,ENB,2.536043004752439,4
2005-01-01,ENB,2.5586070872356816,4
2005-01-01,ENB,2.6168304852808273,4
2005-01-01,ENB,2.6744136042415776,4
2005-01-01,ENB,2.6796346958277772,4
2005-01-01,ENB,2.699920101228784,4
2005-01-01,ENB,2.7268586555999708,4
2005-01-01,ENB,2.7601272833761468,4
2005-01-01,ENB,2.794207388760507,4
2005-01-01,ENB,2.848522972463073,4
2005-01-01,ENB,2.8849952434849446,4
2005-01-01,ENB,2.8571434489974608,4
2005-01-01,ENB,2.870303191768488,4
2005-01-01,ENB,2.875761000075563,4
2005-01-01,ENB,2.8489706977790896,4
2005-01-01,ENB,2.9324522172160083,4
2005-01-01,ENB,2.9484572078386737,4
2005-01-01,ENB,3.0143782105748764,4
2005-01-01,ENB,3.0183799798414777,4
2005-01-01,ENB,3.045951382812782,4
2005-01-01,ENB,3.059408927657587,4
2005-01-01,ENB,3.1347483303666355,4
2005-01-01,ENB,3.0742278349310492,4
2005-01-01,ENB,3.0935869975432633,4
2005-01-01,ENB,3.116861636109759,4
2005-01-01,ENB,3.080982953782344,4
2005-01-01,ENB,3.078149508484703,4
2005-01-01,ENB,3.0969323061825937,4
2005-01-01,ENB,3.109922368725024,4
2005-01-01,ENB,3.1896496165421246,4
2005-01-01,ENB,3.199298298882769,4
2005-01-01,ENB,3.2178717503974585,4
2005-01-01,ENB,3.268512493444628,4
2005-01-01,ENB,3.2910330976009594,4
2005-01-01,ENB,3.194272577104865,4
2005-01-01,ENB,3.174204235280733,4
2005-01-01,ENB,3.2292342072951423,4
2005-01-01,ENB,3.1472214699587564,4
2005-01-01,ENB,3.1734727897518056,4
2005-01-01,ENB,3.2122420074948477,4
2005-01-01,ENB,3.1638430064351377,4
2005-01-01,ENB,3.225804357995242,4
2005-01-01,ENB,3.186345886485214,4
2005-01-01,ENB,3.1934648948098037,4
2005-01-01,ENB,3.274368822384933,4
2005-01-01,ENB,3.333661820171543,4
2005-01-01,ENB,3.3169562811205826,4
2005-01-01,ENB,3.3232310288509845,4
2005-01-01,ENB,3.3545447571471256,4
2005-01-01,ENB,3.372151379104323,4
2005-01-01,ENB,3.3383829051891696,4
2005-01-01,ENB,3.3274632679781524,4
2005-01-01,ENB,3.2978914408856337,4
2005-01-01,ENB,3.4162478019003863,4
2005-01-01,ENB,3.356534355025634,4
2005-01-01,ENB,3.314575929418801,4
2005-01-01,ENB,3.3662227983971564,4
2005-01-01,ENB,3.442228704857572,4
2005-01-01,ENB,3.354191570479972,4
2005-01-01,ENB,3.3378508445991812,4
2005-01-01,ENB,3.266320785340304,4
2005-01-01,ENB,3.211347558447409,4
2005-01-01,ENB,3.114931592997601,4
2005-01-01,ENB,3.2544712206189836,4
2005-01-01,ENB,3.0686296752130877,4
2005-01-01,ENB,3.012099031177664,4
2005-01-01,ENB,3.0537041849893134,4
2005-01-01,ENB,3.074299689088829,4
2005-01-01,ENB,3.183243587302922,4
2005-01-01,ENB,3.248648967901907,4
2005-01-01,ENB,3.208117862823479,4
2005-01-01,EOG,2.5817365535675343,4
2005-01-01,EOG,2.7873726693724574,4
2005-01-01,EOG,2.8548422422754007,4
2005-01-01,EOG,2.8301247330557913,4
2005-01-01,EOG,2.8790078757223116,4
2005-01-01,EOG,3.008723727996648,4
2005-01-01,EOG,3.0816987042443116,4
2005-01-01,EOG,3.126062654638721,4
2005-01-01,EOG,3.2859929962718075,4
2005-01-01,EOG,3.1861062553394595,4
2005-01-01,EOG,3.2436127241827406,4
2005-01-01,EOG,3.2659401848689753,4
2005-01-01,EOG,3.4076501858839556,4
2005-01-01,EOG,3.1815804116759483,4
2005-01-01,EOG,3.2476018616632207,4
2005-01-01,EOG,3.2227112337128,4
2005-01-01,EOG,3.1562381652189972,4
2005-01-01,EOG,3.2107697868288954,4
2005-01-01,EOG,3.2778377600399096,4
2005-01-01,EOG,3.1442165180839416,4
2005-01-01,EOG,3.147758664330741,4
2005-01-01,EOG,3.1702553469238057,4
2005-01-01,EOG,3.2295822374179823,4
2005-01-01,EOG,3.10791067721202,4
2005-01-01,EOG,3.2095333079159594,4
2005-01-01,EOG,3.190222601540977,4
2005-01-01,EOG,3.24200255354162,4
2005-01-01,EOG,3.2710141867377223,4
2005-01-01,EOG,3.3182489925436665,4
2005-01-01,EOG,3.2670236057168105,4
2005-01-01,EOG,3.2256657702436087,4
2005-01-01,EOG,3.1870019769636646,4
2005-01-01,EOG,3.258189553621028,4
2005-01-01,EOG,3.4610824267694698,4
2005-01-01,EOG,3.394243608227797,4
2005-01-01,EOG,3.4694983329193017,4
2005-01-01,EOG,3.4477512695011443,4
2005-01-01,EOG,3.758063067703053,4
2005-01-01,EOG,3.76651492170972,4
2005-01-01,EOG,3.850243532686578,4
2005-01-01,EOG,3.836914001873274,4
2005-01-01,EOG,3.856696641822312,4
2005-01-01,EOG,3.5904296998152407,4
2005-01-01,EOG,3.629403475075754,4
2005-01-01,EOG,3.474774034261625,4
2005-01-01,EOG,3.3744432383425855,4
2005-01-01,EOG,3.425774057951857,4
2005-01-01,EOG,3.181291235912375,4
2005-01-01,EOG,3.1990067311297774,4
2005-01-01,EOG,2.8977248253564194,4
2005-01-01,EOG,2.987861701986205,4
2005-01-01,EOG,3.135626975166736,4
2005-01-01,EOG,3.280303705672318,4
2005-01-01,EOG,3.205575022029587,4
2005-01-01,EOG,3.2917145832717156,4
2005-01-01,EOG,3.2661553183453527,4
2005-01-01,EOG,3.4144551441315256,4
2005-01-01,EOG,3.392053261454656,4
2005-01-01,EOG,3.4511368044787663,4
2005-01-01,EOG,3.568907212924529,4
2005-01-01,EOG,3.4955734492645076,4
2005-01-01,EOG,3.5364557057183363,4
2005-01-01,EOG,3.524583541730632,4
2005-01-01,EOG,3.7121985772148616,4
2005-01-01,EOG,3.64650896445174,4
2005-01-01,EOG,3.582809258965588,4
2005-01-01,EOG,3.5739260518416813,4
2005-01-01,EOG,3.459938492983291,4
2005-01-01,EOG,3.527802561916604,4
2005-01-01,EOG,3.5569527608192963,4
2005-01-01,EOG,3.485168309716432,4
2005-01-01,EOG,3.5124488292240663,4
2005-01-01,EOG,3.6642051447503774,4
2005-01-01,EOG,3.719960679561654,4
2005-01-01,EOG,3.773695409100317,4
2005-01-01,EOG,3.7265281757168927,4
2005-01-01,EOG,3.692794813747803,4
2005-01-01,EOG,3.649828869615396,4
2005-01-01,EOG,3.625136413210292,4
2005-01-01,EOG,3.5299638504162156,4
2005-01-01,EOG,3.264603588666312,4
2005-01-01,EOG,3.495238427414073,4
2005-01-01,EOG,3.645649455656597,4
2005-01-01,EOG,3.5939193736164516,4
2005-01-01,EOG,3.668519981592163,4
2005-01-01,EOG,3.740283263710984,4
2005-01-01,EOG,3.7157442692873057,4
2005-01-01,EOG,3.7040652681598543,4
2005-01-01,EOG,3.6051115117275336,4
2005-01-01,EOG,3.5079972905837837,4
2005-01-01,EOG,3.5920356491852625,4
2005-01-01,EOG,3.6937401346604366,4
2005-01-01,EOG,3.72777995653328,4
2005-01-01,EOG,3.766640484531112,4
2005-01-01,EOG,3.7778579543557127,4
2005-01-01,EOG,3.8044521018846034,4
2005-01-01,EOG,3.8385526238780816,4
2005-01-01,EOG,3.845741348072472,4
2005-01-01,EOG,3.86434056109814,4
2005-01-01,EOG,3.808875615172552,4
2005-01-01,EOG,3.873817645769624,4
2005-01-01,EOG,3.893605228110607,4
2005-01-01,EOG,3.993337932521212,4
2005-01-01,EOG,4.0710942029735575,4
2005-01-01,EOG,4.146084702585329,4
2005-01-01,EOG,4.198558485735721,4
2005-01-01,EOG,4.121514525253298,4
2005-01-01,EOG,4.138580157366241,4
2005-01-01,EOG,4.122968561401974,4
2005-01-01,EOG,4.260651518598739,4
2005-01-01,EOG,4.29566666512345,4
2005-01-01,EOG,4.294799599999099,4
2005-01-01,EOG,4.37265092583375,4
2005-01-01,EOG,4.472077104099418,4
2005-01-01,EOG,4.406476472792867,4
2005-01-01,EOG,4.411570270601095,4
2005-01-01,EOG,4.307503434559073,4
2005-01-01,EOG,4.266584725650011,4
2005-01-01,EOG,4.17687183292948,4
2005-01-01,EOG,4.236736290499785,4
2005-01-01,EOG,4.203160329035466,4
2005-01-01,EOG,4.212857944536349,4
2005-01-01,EOG,4.234577646918257,4
2005-01-01,EOG,4.310778745989778,4
2005-01-01,EOG,4.203086994653977,4
2005-01-01,EOG,4.190149836510133,4
2005-01-01,EOG,4.064210023215766,4
2005-01-01,EOG,4.080588486559384,4
2005-01-01,EOG,4.007628953922016,4
2005-01-01,EOG,4.1725147903604665,4
2005-01-01,EOG,4.1458928207211745,4
2005-01-01,EOG,3.981602557811544,4
2005-01-01,EOG,3.984846441894349,4
2005-01-01,EOG,3.894937724669573,4
2005-01-01,EOG,4.00924778576271,4
2005-01-01,EOG,4.138810422487804,4
2005-01-01,EPD,1.3107433652318023,4
2005-01-01,EPD,1.3002235797631758,4
2005-01-01,EPD,1.2613022529745312,4
2005-01-01,EPD,1.2663481402775358,4
2005-01-01,EPD,1.276794928485668,4
2005-01-01,EPD,1.318332527003369,4
2005-01-01,EPD,1.316090509925585,4
2005-01-01,EPD,1.235432536318918,4
2005-01-01,EPD,1.2718296147088917,4
2005-01-01,EPD,1.298476977992533,4
2005-01-01,EPD,1.2825182453795811,4
2005-01-01,EPD,1.2409141480531989,4
2005-01-01,EPD,1.2920611280080292,4
2005-01-01,EPD,1.2694152310376987,4
2005-01-01,EPD,1.2861603126252772,4
2005-01-01,EPD,1.2881838764467637,4
2005-01-01,EPD,1.3245446873978854,4
2005-01-01,EPD,1.312568409269966,4
2005-01-01,EPD,1.3812398902937488,4
2005-01-01,EPD,1.401896316501627,4
2005-01-01,EPD,1.4011491340455178,4
2005-01-01,EPD,1.428072929227714,4
2005-01-01,EPD,1.4732510195485835,4
2005-01-01,EPD,1.4977021502560162,4
2005-01-01,EPD,1.5178566096548047,4
2005-01-01,EPD,1.5652912530864946,4
2005-01-01,EPD,1.606703330465644,4
2005-01-01,EPD,1.626937458927871,4
2005-01-01,EPD,1.6059264290690756,4
2005-01-01,EPD,1.6214503390423438,4
2005-01-01,EPD,1.598877143875045,4
2005-01-01,EPD,1.5616217858362356,4
2005-01-01,EPD,1.5863886436195245,4
2005-01-01,EPD,1.6423160231430878,4
2005-01-01,EPD,1.634614409279351,4
2005-01-01,EPD,1.654253903961561,4
2005-01-01,EPD,1.6314109519654127,4
2005-01-01,EPD,1.642039505302049,4
2005-01-01,EPD,1.6001678015719765,4
2005-01-01,EPD,1.650399454101965,4
2005-01-01,EPD,1.6359404022024242,4
2005-01-01,EPD,1.611528373449604,4
2005-01-01,EPD,1.618612387996778,4
2005-01-01,EPD,1.6260105821753037,4
2005-01-01,EPD,1.4925280849361655,4
2005-01-01,EPD,1.437899756323603,4
2005-01-01,EPD,1.327098711495459,4
2005-01-01,EPD,1.296692769160307,4
2005-01-01,EPD,1.3543333092879033,4
2005-01-01,EPD,1.3601707650291843,4
2005-01-01,EPD,1.3907452528044355,4
2005-01-01,EPD,1.4492263425219465,4
2005-01-01,EPD,1.5688235589373531,4
2005-01-01,EPD,1.5272004517963251,4
2005-01-01,EPD,1.6464967315679138,4
2005-01-01,EPD,1.6253723511999818,4
2005-01-01,EPD,1.6731036494231148,4
2005-01-01,EPD,1.6631675161646882,4
2005-01-01,EPD,1.7427559334310072,4
2005-01-01,EPD,1.7957094063581691,4
2005-01-01,EPD,1.771867974610489,4
2005-01-01,EPD,1.855187848825136,4
2005-01-01,EPD,1.9092554430381616,4
2005-01-01,EPD,1.9343852543421507,4
2005-01-01,EPD,1.896369590877138,4
2005-01-01,EPD,1.9477076391994297,4
2005-01-01,EPD,2.013888114117709,4
2005-01-01,EPD,2.007390307459732,4
2005-01-01,EPD,2.0778786196554986,4
2005-01-01,EPD,2.1549887727546637,4
2005-01-01,EPD,2.1506263977198237,4
2005-01-01,EPD,2.1393941022070018,4
2005-01-01,EPD,2.1851925583984815,4
2005-01-01,EPD,2.199669244815101,4
2005-01-01,EPD,2.1872062270578985,4
2005-01-01,EPD,2.19207197455775,4
2005-01-01,EPD,2.1674176014239226,4
2005-01-01,EPD,2.204427741357677,4
2005-01-01,EPD,2.166215793214638,4
2005-01-01,EPD,2.193807346253575,4
2005-01-01,EPD,2.1451947528965527,4
2005-01-01,EPD,2.2554495954853175,4
2005-01-01,EPD,2.2836712727097845,4
2005-01-01,EPD,2.303046946162317,4
2005-01-01,EPD,2.3436100698416817,4
2005-01-01,EPD,2.427682822970262,4
2005-01-01,EPD,2.4001287961084214,4
2005-01-01,EPD,2.4211073979667472,4
2005-01-01,EPD,2.3778835227408885,4
2005-01-01,EPD,2.427493965270947,4
2005-01-01,EPD,2.4612653970302447,4
2005-01-01,EPD,2.480635251931354,4
2005-01-01,EPD,2.4843735627251857,4
2005-01-01,EPD,2.4676300357083716,4
2005-01-01,EPD,2.463038186584464,4
2005-01-01,EPD,2.4286909753285304,4
2005-01-01,EPD,2.552314456400307,4
2005-01-01,EPD,2.564066672548003,4
2005-01-01,EPD,2.625987607134222,4
2005-01-01,EPD,2.6319410918908788,4
2005-01-01,EPD,2.621902999721909,4
2005-01-01,EPD,2.6673281784421055,4
2005-01-01,EPD,2.665395314227339,4
2005-01-01,EPD,2.6332208736758185,4
2005-01-01,EPD,2.6601194907234675,4
2005-01-01,EPD,2.6961593729023585,4
2005-01-01,EPD,2.702125690659625,4
2005-01-01,EPD,2.7536575415339923,4
2005-01-01,EPD,2.75486306457509,4
2005-01-01,EPD,2.7767178209972547,4
2005-01-01,EPD,2.8096949825455453,4
2005-01-01,EPD,2.862623024306043,4
2005-01-01,EPD,2.8954267850079924,4
2005-01-01,EPD,2.940761885847377,4
2005-01-01,EPD,2.892482235772464,4
2005-01-01,EPD,2.987117641025422,4
2005-01-01,EPD,2.9789627519284716,4
2005-01-01,EPD,2.890822638222199,4
2005-01-01,EPD,2.912177101560209,4
2005-01-01,EPD,2.8789586812601833,4
2005-01-01,EPD,2.831330927669735,4
2005-01-01,EPD,2.809540474574149,4
2005-01-01,EPD,2.7971668641003107,4
2005-01-01,EPD,2.8364690436871975,4
2005-01-01,EPD,2.792734641407714,4
2005-01-01,EPD,2.7114832510219453,4
2005-01-01,EPD,2.6578806069526553,4
2005-01-01,EPD,2.663251873926584,4
2005-01-01,EPD,2.54199425963373,4
2005-01-01,EPD,2.6460285836881625,4
2005-01-01,EPD,2.5764059195271796,4
2005-01-01,EPD,2.5838614376496136,4
2005-01-01,EPD,2.516347236518086,4
2005-01-01,EPD,2.5112196758508167,4
2005-01-01,EPD,2.5633253993855414,4
2005-01-01,EPD,2.6440553553885557,4
2005-01-01,PBR,0.9139929814565292,4
2005-01-01,PBR,1.0967247764221415,4
2005-01-01,PBR,0.9972666364678164,4
2005-01-01,PBR,0.9449956959992938,4
2005-01-01,PBR,1.063388399339909,4
2005-01-01,PBR,1.1627346977236843,4
2005-01-01,PBR,1.1711399722505764,4
2005-01-01,PBR,1.361287084851346,4
2005-01-01,PBR,1.494718352472323,4
2005-01-01,PBR,1.3824804467472436,4
2005-01-01,PBR,1.4387687449989948,4
2005-01-01,PBR,1.4916363634036782,4
2005-01-01,PBR,1.773761019584123,4
2005-01-01,PBR,1.709155610880423,4
2005-01-01,PBR,1.6991676004892624,4
2005-01-01,PBR,1.830460992038758,4
2005-01-01,PBR,1.7135663041350049,4
2005-01-01,PBR,1.7414971674415936,4
2005-01-01,PBR,1.7698671241336272,4
2005-01-01,PBR,1.7454087467288075,4
2005-01-01,PBR,1.6781749503154502,4
2005-01-01,PBR,1.7353201477062574,4
2005-01-01,PBR,1.7942731333195632,4
2005-01-01,PBR,1.9053089199604083,4
2005-01-01,PBR,1.8584975290965615,4
2005-01-01,PBR,1.7854960300869926,4
2005-01-01,PBR,1.8797412421762456,4
2005-01-01,PBR,1.896878890799708,4
2005-01-01,PBR,1.969761406620813,4
2005-01-01,PBR,2.084169631143447,4
2005-01-01,PBR,2.1521446422351223,4
2005-01-01,PBR,2.103847173427652,4
2005-01-01,PBR,2.3136888365263246,4
2005-01-01,PBR,2.5500430651568644,4
2005-01-01,PBR,2.564723457854279,4
2005-01-01,PBR,2.744271908830551,4
2005-01-01,PBR,2.706424773449286,4
2005-01-01,PBR,2.7656274622120818,4
2005-01-01,PBR,2.626602210453632,4
2005-01-01,PBR,2.799807216609249,4
2005-01-01,PBR,2.9513986122381333,4
2005-01-01,PBR,2.956068759131626,4
2005-01-01,PBR,2.7195292453273536,4
2005-01-01,PBR,2.661160400279262,4
2005-01-01,PBR,2.478838643593908,4
2005-01-01,PBR,1.987540401877498,4
2005-01-01,PBR,1.7374472251914903,4
2005-01-01,PBR,1.894050814273797,4
2005-01-01,PBR,1.9976204391383936,4
2005-01-01,PBR,2.0543759609668566,4
2005-01-01,PBR,2.148604041545397,4
2005-01-01,PBR,2.2454942531110165,4
2005-01-01,PBR,2.525135282879371,4
2005-01-01,PBR,2.4533480940029624,4
2005-01-01,PBR,2.4596726149153634,4
2005-01-01,PBR,2.4289105379928655,4
2005-01-01,PBR,2.5755369957712064,4
2005-01-01,PBR,2.582484132237553,4
2005-01-01,PBR,2.691264742273023,4
2005-01-01,PBR,2.618475741639718,4
2005-01-01,PBR,2.461841928928317,4
2005-01-01,PBR,2.5118403804505367,4
2005-01-01,PBR,2.554301954427678,4
2005-01-01,PBR,2.505961340484874,4
2005-01-01,PBR,2.3380693809428665,4
2005-01-01,PBR,2.3073248572530978,4
2005-01-01,PBR,2.3661657260942937,4
2005-01-01,PBR,2.2786544809620826,4
2005-01-01,PBR,2.3688432486325217,4
2005-01-01,PBR,2.3077366150847696,4
2005-01-01,PBR,2.257244748516165,4
2005-01-01,PBR,2.4158838733521217,4
2005-01-01,PBR,2.393161316678613,4
2005-01-01,PBR,2.474187645005066,4
2005-01-01,PBR,2.489139225782365,4
2005-01-01,PBR,2.414130760105183,4
2005-01-01,PBR,2.339053569516209,4
2005-01-01,PBR,2.328115378498756,4
2005-01-01,PBR,2.331358722364603,4
2005-01-01,PBR,2.1748995517501877,4
2005-01-01,PBR,1.925045856751252,4
2005-01-01,PBR,2.1099622080093248,4
2005-01-01,PBR,2.1092215811470005,4
2005-01-01,PBR,2.0351983329773153,4
2005-01-01,PBR,2.2417052353606506,4
2005-01-01,PBR,2.2268799233824668,4
2005-01-01,PBR,2.110436277454637,4
2005-01-01,PBR,1.9950490766217923,4
2005-01-01,PBR,1.8094099448373095,4
2005-01-01,PBR,1.7782337593189992,4
2005-01-01,PBR,1.8230326925790832,4
2005-01-01,PBR,1.897140774769868,4
2005-01-01,PBR,1.9788557031175784,4
2005-01-01,PBR,1.9004465836770392,4
2005-01-01,PBR,1.7346774305644947,4
2005-01-01,PBR,1.8148484066703876,4
2005-01-01,PBR,1.7517816399550123,4
2005-01-01,PBR,1.531778305061242,4
2005-01-01,PBR,1.6535675714649178,4
2005-01-01,PBR,1.7982764988243125,4
2005-01-01,PBR,1.7376181323544562,4
2005-01-01,PBR,1.4561070881346871,4
2005-01-01,PBR,1.473113097211755,4
2005-01-01,PBR,1.4642766984339295,4
2005-01-01,PBR,1.6003010104617108,4
2005-01-01,PBR,1.7182990400860303,4
2005-01-01,PBR,1.628937823867724,4
2005-01-01,PBR,1.483324356636455,4
2005-01-01,PBR,1.276912696700336,4
2005-01-01,PBR,1.2760202119726924,4
2005-01-01,PBR,1.4365281404190346,4
2005-01-01,PBR,1.4905554729492343,4
2005-01-01,PBR,1.5392023467439149,4
2005-01-01,PBR,1.5761019269772465,4
2005-01-01,PBR,1.6618588819142512,4
2005-01-01,PBR,1.867025569935862,4
2005-01-01,PBR,1.5455650632424769,4
2005-01-01,PBR,1.3526164580561777,4
2005-01-01,PBR,1.1672130383702686,4
2005-01-01,PBR,0.880901855470391,4
2005-01-01,PBR,0.6864526183592493,4
2005-01-01,PBR,0.7846322355116551,4
2005-01-01,PBR,0.6864526183592493,4
2005-01-01,PBR,1.1443191072768786,4
2005-01-01,PBR,1.015289242601136,4
2005-01-01,PBR,1.095792354550861,4
2005-01-01,PBR,0.8099501006093346,4
2005-01-01,PBR,0.6611771437830332,4
2005-01-01,PBR,0.363203493239019,4
2005-01-01,PBR,0.4781727535015207,4
2005-01-01,PBR,0.4553738816061046,4
2005-01-01,PBR,0.3516426862618485,4
2005-01-01,PBR,0.1371823290622373,4
2005-01-01,PBR,0.1739613692452441,4
2005-01-01,PBR,0.657758489411426,4
2005-01-01,PBR,0.9355456692615022,4
2005-01-01,PBR.A,3.3946356528777413,4
2005-01-01,PBR.A,3.3946356528777413,4
2005-01-01,PBR.A,3.3946356528777413,4
2005-01-01,PBR.A,3.3946356528777413,4
2005-01-01,PBR.A,3.3946356528777413,4
2005-01-01,PBR.A,3.3946356528777413,4
2005-01-01,PBR.A,3.3946356528777413,4
2005-01-01,PBR.A,3.3946356528777413,4
2005-01-01,PBR.A,3.3946356528777413,4
2005-01-01,PBR.A,3.3946356528777413,4
2005-01-01,PBR.A,3.3946356528777413,4
2005-01-01,PBR.A,3.3946356528777413,4
2005-01-01,PBR.A,3.3946356528777413,4
2005-01-01,PBR.A,3.3946356528777413,4
2005-01-01,PBR.A,3.3946356528777413,4
2005-01-01,PBR.A,3.3946356528777413,4
2005-01-01,PBR.A,3.3946356528777413,4
2005-01-01,PBR.A,3.3946356528777413,4
2005-01-01,PBR.A,3.3946356528777413,4
2005-01-01,PBR.A,3.3946356528777413,4
2005-01-01,PBR.A,3.3946356528777413,4
2005-01-01,PBR.A,3.3946356528777413,4
2005-01-01,PBR.A,3.3946356528777413,4
2005-01-01,PBR.A,3.3946356528777413,4
2005-01-01,PBR.A,3.3946356528777413,4
2005-01-01,PBR.A,3.3946356528777413,4
2005-01-01,PBR.A,3.3946356528777413,4
2005-01-01,PBR.A,3.3946356528777413,4
2005-01-01,PBR.A,3.3946356528777413,4
2005-01-01,PBR.A,3.3946356528777413,4
2005-01-01,PBR.A,3.3946356528777413,4
2005-01-01,PBR.A,3.3946356528777413,4
2005-01-01,PBR.A,3.3946356528777413,4
2005-01-01,PBR.A,3.3946356528777413,4
2005-01-01,PBR.A,3.3946356528777413,4
2005-01-01,PBR.A,3.3946356528777413,4
2005-01-01,PBR.A,3.3946356528777413,4
2005-01-01,PBR.A,3.3946356528777413,4
2005-01-01,PBR.A,3.3946356528777413,4
2005-01-01,PBR.A,3.3946356528777413,4
2005-01-01,PBR.A,3.3946356528777413,4
2005-01-01,PBR.A,3.3946356528777413,4
2005-01-01,PBR.A,3.3946356528777413,4
2005-01-01,PBR.A,3.3946356528777413,4
2005-01-01,PBR.A,3.3946356528777413,4
2005-01-01,PBR.A,3.3946356528777413,4
2005-01-01,PBR.A,3.3946356528777413,4
2005-01-01,PBR.A,3.3946356528777413,4
2005-01-01,PBR.A,3.3946356528777413,4
2005-01-01,PBR.A,3.3946356528777413,4
2005-01-01,PBR.A,3.3946356528777413,4
2005-01-01,PBR.A,3.3946356528777413,4
2005-01-01,PBR.A,3.3946356528777413,4
2005-01-01,PBR.A,3.3946356528777413,4
2005-01-01,PBR.A,3.3946356528777413,4
2005-01-01,PBR.A,3.3946356528777413,4
2005-01-01,PBR.A,3.3946356528777413,4
2005-01-01,PBR.A,3.3946356528777413,4
2005-01-01,PBR.A,3.3946356528777413,4
2005-01-01,PBR.A,3.3946356528777413,4
2005-01-01,PBR.A,3.3946356528777413,4
2005-01-01,PBR.A,3.3946356528777413,4
2005-01-01,PBR.A,3.3946356528777413,4
2005-01-01,PBR.A,3.3946356528777413,4
2005-01-01,PBR.A,3.3946356528777413,4
2005-01-01,PBR.A,3.3946356528777413,4
2005-01-01,PBR.A,3.3946356528777413,4
2005-01-01,PBR.A,3.3946356528777413,4
2005-01-01,PBR.A,3.3946356528777413,4
2005-01-01,PBR.A,3.3946356528777413,4
2005-01-01,PBR.A,3.3946356528777413,4
2005-01-01,PBR.A,3.3946356528777413,4
2005-01-01,PBR.A,3.3946356528777413,4
2005-01-01,PBR.A,3.3946356528777413,4
2005-01-01,PBR.A,3.3946356528777413,4
2005-01-01,PBR.A,3.3946356528777413,4
2005-01-01,PBR.A,3.3946356528777413,4
2005-01-01,PBR.A,3.3946356528777413,4
2005-01-01,PBR.A,3.3946356528777413,4
2005-01-01,PBR.A,3.3946356528777413,4
2005-01-01,PBR.A,3.3946356528777413,4
2005-01-01,PBR.A,3.3946356528777413,4
2005-01-01,PBR.A,3.3946356528777413,4
2005-01-01,PBR.A,3.3946356528777413,4
2005-01-01,PBR.A,3.3946356528777413,4
2005-01-01,PBR.A,3.3946356528777413,4
2005-01-01,PBR.A,3.3946356528777413,4
2005-01-01,PBR.A,3.3946356528777413,4
2005-01-01,PBR.A,3.3946356528777413,4
2005-01-01,PBR.A,3.3946356528777413,4
2005-01-01,PBR.A,3.3946356528777413,4
2005-01-01,PBR.A,3.3946356528777413,4
2005-01-01,PBR.A,3.3946356528777413,4
2005-01-01,PBR.A,3.3946356528777413,4
2005-01-01,PBR.A,3.3946356528777413,4
2005-01-01,PBR.A,3.3946356528777413,4
2005-01-01,PBR.A,3.3946356528777413,4
2005-01-01,PBR.A,3.3946356528777413,4
2005-01-01,PBR.A,3.3946356528777413,4
2005-01-01,PBR.A,3.3946356528777413,4
2005-01-01,PBR.A,3.3946356528777413,4
2005-01-01,PBR.A,3.3946356528777413,4
2005-01-01,PBR.A,3.3946356528777413,4
2005-01-01,PBR.A,3.3946356528777413,4
2005-01-01,PBR.A,3.3946356528777413,4
2005-01-01,PBR.A,3.3946356528777413,4
2005-01-01,PBR.A,3.3946356528777413,4
2005-01-01,PBR.A,3.3946356528777413,4
2005-01-01,PBR.A,3.3946356528777413,4
2005-01-01,PBR.A,3.3946356528777413,4
2005-01-01,PBR.A,3.3946356528777413,4
2005-01-01,PBR.A,3.3946356528777413,4
2005-01-01,PBR.A,3.3946356528777413,4
2005-01-01,PBR.A,3.3946356528777413,4
2005-01-01,PBR.A,3.3946356528777413,4
2005-01-01,PBR.A,3.3946356528777413,4
2005-01-01,PBR.A,3.3946356528777413,4
2005-01-01,PBR.A,3.3946356528777413,4
2005-01-01,PBR.A,3.3946356528777413,4
2005-01-01,PBR.A,3.3946356528777413,4
2005-01-01,PBR.A,3.3946356528777413,4
2005-01-01,PBR.A,3.3946356528777413,4
2005-01-01,PBR.A,3.3946356528777413,4
2005-01-01,PBR.A,3.3946356528777413,4
2005-01-01,PBR.A,3.3946356528777413,4
2005-01-01,PBR.A,3.3946356528777413,4
2005-01-01,PBR.A,3.3946356528777413,4
2005-01-01,PBR.A,3.3946356528777413,4
2005-01-01,PBR.A,3.3946356528777413,4
2005-01-01,PBR.A,3.3946356528777413,4
2005-01-01,PBR.A,3.3946356528777413,4
2005-01-01,PBR.A,3.3946356528777413,4
2005-01-01,PBR.A,3.3946356528777413,4
2005-01-01,PBR.A,3.3946356528777413,4
2005-01-01,PBR.A,3.3946356528777413,4
2005-01-01,PBR.A,3.3946356528777413,4
2005-01-01,SHEL,3.0484739128096376,4
2005-01-01,SHEL,3.124522721709914,4
2005-01-01,SHEL,3.09751141157532,4
2005-01-01,SHEL,3.067244602411539,4
2005-01-01,SHEL,3.083076149441152,4
2005-01-01,SHEL,3.185530432909642,4
2005-01-01,SHEL,3.128136276629764,4
2005-01-01,SHEL,3.186454332233916,4
2005-01-01,SHEL,3.20562488928027,4
2005-01-01,SHEL,3.149218757545103,4
2005-01-01,SHEL,3.142425904918436,4
2005-01-01,SHEL,3.149413090292451,4
2005-01-01,SHEL,3.251662128319134,4
2005-01-01,SHEL,3.1328508719356605,4
2005-01-01,SHEL,3.170702177461392,4
2005-01-01,SHEL,3.2608005802647364,4
2005-01-01,SHEL,3.2337233204692883,4
2005-01-01,SHEL,3.2529341279703003,4
2005-01-01,SHEL,3.3083991124214656,4
2005-01-01,SHEL,3.281776834674666,4
2005-01-01,SHEL,3.2486254919007664,4
2005-01-01,SHEL,3.3005084779069587,4
2005-01-01,SHEL,3.320558948161386,4
2005-01-01,SHEL,3.3262556778548036,4
2005-01-01,SHEL,3.2897157850090393,4
2005-01-01,SHEL,3.241079275944468,4
2005-01-01,SHEL,3.2702862655615794,4
2005-01-01,SHEL,3.3152622796398,4
2005-01-01,SHEL,3.3842072704466166,4
2005-01-01,SHEL,3.483063260145882,4
2005-01-01,SHEL,3.4375864083449885,4
2005-01-01,SHEL,3.4344885884068974,4
2005-01-01,SHEL,3.504383063990729,4
2005-01-01,SHEL,3.5672240221814033,4
2005-01-01,SHEL,3.503554199448622,4
2005-01-01,SHEL,3.537004796226743,4
2005-01-01,SHEL,3.372248243467522,4
2005-01-01,SHEL,3.372808105778397,4
2005-01-01,SHEL,3.348139337788953,4
2005-01-01,SHEL,3.50021665180275,4
2005-01-01,SHEL,3.562722082082434,4
2005-01-01,SHEL,3.5275432786149796,4
2005-01-01,SHEL,3.384084846962031,4
2005-01-01,SHEL,3.3659812635089414,4
2005-01-01,SHEL,3.213644882155461,4
2005-01-01,SHEL,3.157890472675036,4
2005-01-01,SHEL,3.114684381302958,4
2005-01-01,SHEL,3.1185991392507746,4
2005-01-01,SHEL,3.0459428573117844,4
2005-01-01,SHEL,2.9329474830999063,4
2005-01-01,SHEL,2.9562068722643606,4
2005-01-01,SHEL,2.9868830961193877,4
2005-01-01,SHEL,3.152538404780653,4
2005-01-01,SHEL,3.0986893524278676,4
2005-01-01,SHEL,3.146349594828062,4
2005-01-01,SHEL,3.198715934664548,4
2005-01-01,SHEL,3.245033621531193,4
2005-01-01,SHEL,3.283116516853775,4
2005-01-01,SHEL,3.2889913264681394,4
2005-01-01,SHEL,3.308910466843898,4
2005-01-01,SHEL,3.227133642492227,4
2005-01-01,SHEL,3.2153296581702326,4
2005-01-01,SHEL,3.2860838097145564,4
2005-01-01,SHEL,3.3672161127904197,4
2005-01-01,SHEL,3.186964169098348,4
2005-01-01,SHEL,3.158548719481197,4
2005-01-01,SHEL,3.2570760261151177,4
2005-01-01,SHEL,3.213370202933386,4
2005-01-01,SHEL,3.3559156127551355,4
2005-01-01,SHEL,3.429893603989467,4
2005-01-01,SHEL,3.362032651438871,4
2005-01-01,SHEL,3.4705377879667294,4
2005-01-01,SHEL,3.531673275072392,4
2005-01-01,SHEL,3.5492661975839037,4
2005-01-01,SHEL,3.5697255618701464,4
2005-01-01,SHEL,3.631205642856248,4
2005-01-01,SHEL,3.549903645411366,4
2005-01-01,SHEL,3.55717221980319,4
2005-01-01,SHEL,3.5907640777055616,4
2005-01-01,SHEL,3.498101412053005,4
2005-01-01,SHEL,3.423841545132978,4
2005-01-01,SHEL,3.565890504065337,4
2005-01-01,SHEL,3.552974466886297,4
2005-01-01,SHEL,3.60831827417134,4
2005-01-01,SHEL,3.5843640664981815,4
2005-01-01,SHEL,3.60831827417134,4
2005-01-01,SHEL,3.5785521804713607,4
2005-01-01,SHEL,3.598458834032364,4
2005-01-01,SHEL,3.4582352084769163,4
2005-01-01,SHEL,3.551987667919288,4
2005-01-01,SHEL,3.5633421465238904,4
2005-01-01,SHEL,3.588964505648717,4
2005-01-01,SHEL,3.5930927814103675,4
2005-01-01,SHEL,3.5796035498228624,4
2005-01-01,SHEL,3.557306569779859,4
2005-01-01,SHEL,3.599189940504677,4
2005-01-01,SHEL,3.62170481172026,4
2005-01-01,SHEL,3.5501460210709364,4
2005-01-01,SHEL,3.555427077096672,4
2005-01-01,SHEL,3.5976483155240504,4
2005-01-01,SHEL,3.5738265506528277,4
2005-01-01,SHEL,3.5473217480600763,4
2005-01-01,SHEL,3.616210025476727,4
2005-01-01,SHEL,3.5596280259747406,4
2005-01-01,SHEL,3.590364768300339,4
2005-01-01,SHEL,3.60547522625214,4
2005-01-01,SHEL,3.6057751808155225,4
2005-01-01,SHEL,3.685715311951213,4
2005-01-01,SHEL,3.6547945170728666,4
2005-01-01,SHEL,3.707916960677624,4
2005-01-01,SHEL,3.723332239711796,4
2005-01-01,SHEL,3.798202768665456,4
2005-01-01,SHEL,3.796423396356589,4
2005-01-01,SHEL,3.855126676309815,4
2005-01-01,SHEL,3.8485494281042736,4
2005-01-01,SHEL,3.8379839302023586,4
2005-01-01,SHEL,3.788175839864554,4
2005-01-01,SHEL,3.729478614970724,4
2005-01-01,SHEL,3.6515815661346904,4
2005-01-01,SHEL,3.6729852803084415,4
2005-01-01,SHEL,3.587262828396044,4
2005-01-01,SHEL,3.6491024186395458,4
2005-01-01,SHEL,3.571860282027356,4
2005-01-01,SHEL,3.633303335936837,4
2005-01-01,SHEL,3.5730332898701924,4
2005-01-01,SHEL,3.5414733467538437,4
2005-01-01,SHEL,3.54968411983233,4
2005-01-01,SHEL,3.467028487843252,4
2005-01-01,SHEL,3.372694156644722,4
2005-01-01,SHEL,3.4743336417675534,4
2005-01-01,SHEL,3.4214944385223505,4
2005-01-01,SHEL,3.356619116306838,4
2005-01-01,SHEL,3.315151073400856,4
2005-01-01,SHEL,3.3498260502471333,4
2005-01-01,SHEL,3.434008123573926,4
2005-01-01,SHEL,3.521690320048807,4
2005-01-01,TTE,2.866794869966413,4
2005-01-01,TTE,2.969641641915751,4
2005-01-01,TTE,2.9529768630704685,4
2005-01-01,TTE,2.8975578788409297,4
2005-01-01,TTE,2.9000794084681165,4
2005-01-01,TTE,2.9675776906614373,4
2005-01-01,TTE,3.0350001741326995,4
2005-01-01,TTE,3.088276096116414,4
2005-01-01,TTE,3.11801726886237,4
2005-01-01,TTE,3.043127556783097,4
2005-01-01,TTE,3.032517659018696,4
2005-01-01,TTE,3.060340827696805,4
2005-01-01,TTE,3.150531241732095,4
2005-01-01,TTE,3.0582024920186672,4
2005-01-01,TTE,3.101643803909756,4
2005-01-01,TTE,3.148287546657009,4
2005-01-01,TTE,3.091649326224946,4
2005-01-01,TTE,3.1439574470506995,4
2005-01-01,TTE,3.1844859779788415,4
2005-01-01,TTE,3.172691831233738,4
2005-01-01,TTE,3.1503473394251222,4
2005-01-01,TTE,3.183166183115174,4
2005-01-01,TTE,3.2307400564572952,4
2005-01-01,TTE,3.2528690140890117,4
2005-01-01,TTE,3.197557436043429,4
2005-01-01,TTE,3.186772114577592,4
2005-01-01,TTE,3.222662211293926,4
2005-01-01,TTE,3.277181511755504,4
2005-01-01,TTE,3.300785052167434,4
2005-01-01,TTE,3.389164418955014,4
2005-01-01,TTE,3.359461071132253,4
2005-01-01,TTE,3.313649236770332,4
2005-01-01,TTE,3.389781261106312,4
2005-01-01,TTE,3.384584535410738,4
2005-01-01,TTE,3.3884233709123652,4
2005-01-01,TTE,3.426244853197341,4
2005-01-01,TTE,3.2996766069471195,4
2005-01-01,TTE,3.3349102351307005,4
2005-01-01,TTE,3.316435600341201,4
2005-01-01,TTE,3.443052289809037,4
2005-01-01,TTE,3.4811276374753577,4
2005-01-01,TTE,3.475554495169938,4
2005-01-01,TTE,3.367022844562924,4
2005-01-01,TTE,3.304729814407098,4
2005-01-01,TTE,3.1353464269539546,4
2005-01-01,TTE,3.0450334765544267,4
2005-01-01,TTE,2.995295681526941,4
2005-01-01,TTE,3.0723859900738737,4
2005-01-01,TTE,2.9672263664545047,4
2005-01-01,TTE,2.914006488694501,4
2005-01-01,TTE,2.9526568122100127,4
2005-01-01,TTE,2.966020270872414,4
2005-01-01,TTE,3.114003810208532,4
2005-01-01,TTE,3.081139699318022,4
2005-01-01,TTE,3.1069877030137394,4
2005-01-01,TTE,3.135682611055315,4
2005-01-01,TTE,3.1698399678295384,4
2005-01-01,TTE,3.183415847437337,4
2005-01-01,TTE,3.218099919683564,4
2005-01-01,TTE,3.2736356114997416,4
2005-01-01,TTE,3.1674767573858458,4
2005-01-01,TTE,3.1333898563388596,4
2005-01-01,TTE,3.174915773773826,4
2005-01-01,TTE,3.1101244892902886,4
2005-01-01,TTE,2.9563720471901904,4
2005-01-01,TTE,2.9457540842064738,4
2005-01-01,TTE,3.0716677833894637,4
2005-01-01,TTE,2.9897969544761507,4
2005-01-01,TTE,3.0906457328571832,4
2005-01-01,TTE,3.144957184624797,4
2005-01-01,TTE,3.0342391818817434,4
2005-01-01,TTE,3.154789594010084,4
2005-01-01,TTE,3.249113338774356,4
2005-01-01,TTE,3.2912617067727883,4
2005-01-01,TTE,3.285863788700378,4
2005-01-01,TTE,3.337952511244769,4
2005-01-01,TTE,3.228830763562895,4
2005-01-01,TTE,3.2606948563615497,4
2005-01-01,TTE,3.1932936527661138,4
2005-01-01,TTE,3.0956508100575477,4
2005-01-01,TTE,2.9842447682773026,4
2005-01-01,TTE,3.1785154610949347,4
2005-01-01,TTE,3.1677499615958857,4
2005-01-01,TTE,3.1554985758077123,4
2005-01-01,TTE,3.20757981207459,4
2005-01-01,TTE,3.2644545302722823,4
2005-01-01,TTE,3.1720297193460536,4
2005-01-01,TTE,3.124827193337472,4
2005-01-01,TTE,3.0141638305619867,4
2005-01-01,TTE,3.0568880294258807,4
2005-01-01,TTE,3.096639394665034,4
2005-01-01,TTE,3.178304297432222,4
2005-01-01,TTE,3.183106564365202,4
2005-01-01,TTE,3.2020564735833927,4
2005-01-01,TTE,3.1972826673063603,4
2005-01-01,TTE,3.233501169807149,4
2005-01-01,TTE,3.2916393190924604,4
2005-01-01,TTE,3.209722118763935,4
2005-01-01,TTE,3.1680835357131456,4
2005-01-01,TTE,3.2299542918342885,4
2005-01-01,TTE,3.222161284866075,4
2005-01-01,TTE,3.1988218018390193,4
2005-01-01,TTE,3.2994713816831696,4
2005-01-01,TTE,3.341190339458121,4
2005-01-01,TTE,3.3872993573864036,4
2005-01-01,TTE,3.456051145108793,4
2005-01-01,TTE,3.4418943683692595,4
2005-01-01,TTE,3.4575210386767288,4
2005-01-01,TTE,3.402152888155162,4
2005-01-01,TTE,3.528971191258291,4
2005-01-01,TTE,3.5396992380809675,4
2005-01-01,TTE,3.634516142014331,4
2005-01-01,TTE,3.609068756432467,4
2005-01-01,TTE,3.6597729392921168,4
2005-01-01,TTE,3.5469982394303763,4
2005-01-01,TTE,3.5693817090366298,4
2005-01-01,TTE,3.5462226673383936,4
2005-01-01,TTE,3.485454477002099,4
2005-01-01,TTE,3.4116673834719,4
2005-01-01,TTE,3.3286846459352617,4
2005-01-01,TTE,3.3489960448777008,4
2005-01-01,TTE,3.3893290074510096,4
2005-01-01,TTE,3.312420114240978,4
2005-01-01,TTE,3.412503566180749,4
2005-01-01,TTE,3.3434449328116664,4
2005-01-01,TTE,3.3169533761335774,4
2005-01-01,TTE,3.332560507918477,4
2005-01-01,TTE,3.2721384237142312,4
2005-01-01,TTE,3.235036196308139,4
2005-01-01,TTE,3.3264086847821086,4
2005-01-01,TTE,3.351389644429343,4
2005-01-01,TTE,3.2559784599667356,4
2005-01-01,TTE,3.256359122253878,4
2005-01-01,TTE,3.2651202010443066,4
2005-01-01,TTE,3.2808755204833124,4
2005-01-01,TTE,3.4064925694531936,4
2005-01-01,XOM,3.2707459868322335,4
2005-01-01,XOM,3.475267487687297,4
2005-01-01,XOM,3.4197654669186583,4
2005-01-01,XOM,3.3756867335501135,4
2005-01-01,XOM,3.3610266273154195,4
2005-01-01,XOM,3.388453121258666,4
2005-01-01,XOM,3.4104810262067766,4
2005-01-01,XOM,3.429866111618367,4
2005-01-01,XOM,3.4937485069759595,4
2005-01-01,XOM,3.369927464987713,4
2005-01-01,XOM,3.4030388831973917,4
2005-01-01,XOM,3.375553804161904,4
2005-01-01,XOM,3.4863296545600453,4
2005-01-01,XOM,3.4309597248163635,4
2005-01-01,XOM,3.4610456581403164,4
2005-01-01,XOM,3.4968733587013525,4
2005-01-01,XOM,3.461866941098629,4
2005-01-01,XOM,3.474081986250593,4
2005-01-01,XOM,3.5731639198624245,4
2005-01-01,XOM,3.5721295483447317,4
2005-01-01,XOM,3.5683001661078926,4
2005-01-01,XOM,3.6306937982922136,4
2005-01-01,XOM,3.703450870268059,4
2005-01-01,XOM,3.705430549630896,4
2005-01-01,XOM,3.6718575582096222,4
2005-01-01,XOM,3.6386540057704866,4
2005-01-01,XOM,3.6941617087262975,4
2005-01-01,XOM,3.744937840903011,4
2005-01-01,XOM,3.79157821587674,4
2005-01-01,XOM,3.804386936488731,4
2005-01-01,XOM,3.819178860522722,4
2005-01-01,XOM,3.8262025749194177,4
2005-01-01,XOM,3.906846360650027,4
2005-01-01,XOM,3.900669043308388,4
2005-01-01,XOM,3.8694217004748905,4
2005-01-01,XOM,3.9228607471081625,4
2005-01-01,XOM,3.833721836374919,4
2005-01-01,XOM,3.8488927532818584,4
2005-01-01,XOM,3.824873929194561,4
2005-01-01,XOM,3.920528070664727,4
2005-01-01,XOM,3.873112174676275,4
2005-01-01,XOM,3.8704470061163097,4
2005-01-01,XOM,3.779021170526348,4
2005-01-01,XOM,3.7737856456779064,4
2005-01-01,XOM,3.7490683874829993,4
2005-01-01,XOM,3.702414022688045,4
2005-01-01,XOM,3.7806280009754105,4
2005-01-01,XOM,3.7823619384771217,4
2005-01-01,XOM,3.739491655136967,4
2005-01-01,XOM,3.620498211677569,4
2005-01-01,XOM,3.628466120361264,4
2005-01-01,XOM,3.607243700414602,4
2005-01-01,XOM,3.64665471403839,4
2005-01-01,XOM,3.660647376631251,4
2005-01-01,XOM,3.667490002911361,4
2005-01-01,XOM,3.649716608243831,4
2005-01-01,XOM,3.6479662007185656,4
2005-01-01,XOM,3.691600301404128,4
2005-01-01,XOM,3.7379493236283263,4
2005-01-01,XOM,3.647629446396042,4
2005-01-01,XOM,3.590910924538268,4
2005-01-01,XOM,3.599718788077241,4
2005-01-01,XOM,3.6362283102938697,4
2005-01-01,XOM,3.6479538812252224,4
2005-01-01,XOM,3.5338164230503395,4
2005-01-01,XOM,3.4828809402322816,4
2005-01-01,XOM,3.527599085106768,4
2005-01-01,XOM,3.5180023594232077,4
2005-01-01,XOM,3.569473916179073,4
2005-01-01,XOM,3.642783806154044,4
2005-01-01,XOM,3.687922270085212,4
2005-01-01,XOM,3.7441110158602817,4
2005-01-01,XOM,3.842499995753391,4
2005-01-01,XOM,3.9008762873446146,4
2005-01-01,XOM,3.889628417165177,4
2005-01-01,XOM,3.934374638112661,4
2005-01-01,XOM,3.8817529418468455,4
2005-01-01,XOM,3.862050570691759,4
2005-01-01,XOM,3.842319066853129,4
2005-01-01,XOM,3.767256510975516,4
2005-01-01,XOM,3.754881330542176,4
2005-01-01,XOM,3.827365146690731,4
2005-01-01,XOM,3.857015175875033,4
2005-01-01,XOM,3.915268009361453,4
2005-01-01,XOM,3.9031607618975994,4
2005-01-01,XOM,3.935588288723811,4
2005-01-01,XOM,3.9437020854785194,4
2005-01-01,XOM,3.939195332048083,4
2005-01-01,XOM,3.845655664581284,4
2005-01-01,XOM,3.937102372130517,4
2005-01-01,XOM,3.9519502149820815,4
2005-01-01,XOM,3.9571183755895136,4
2005-01-01,XOM,4.010037682406903,4
2005-01-01,XOM,4.0069713477601425,4
2005-01-01,XOM,3.9731718894963945,4
2005-01-01,XOM,3.961209238380404,4
2005-01-01,XOM,3.9999636367556297,4
2005-01-01,XOM,3.995284404505562,4
2005-01-01,XOM,4.007886648653772,4
2005-01-01,XOM,3.995379238679026,4
2005-01-01,XOM,4.011873725838324,4
2005-01-01,XOM,4.017440198251764,4
2005-01-01,XOM,4.054381009348236,4
2005-01-01,XOM,3.981494877979805,4
2005-01-01,XOM,3.9754493770990713,4
2005-01-01,XOM,4.016215984922402,4
2005-01-01,XOM,4.058384771999777,4
2005-01-01,XOM,4.1445172338292355,4
2005-01-01,XOM,4.050944698068299,4
2005-01-01,XOM,4.094574943397164,4
2005-01-01,XOM,4.11617273557508,4
2005-01-01,XOM,4.163460479795256,4
2005-01-01,XOM,4.144932133427884,4
2005-01-01,XOM,4.153189683467615,4
2005-01-01,XOM,4.135756165603728,4
2005-01-01,XOM,4.140998092017645,4
2005-01-01,XOM,4.092011316604209,4
2005-01-01,XOM,4.119901465918828,4
2005-01-01,XOM,4.053976162122893,4
2005-01-01,XOM,4.082046064645665,4
2005-01-01,XOM,4.026102699659883,4
2005-01-01,XOM,4.03883269641759,4
2005-01-01,XOM,4.005528662774857,4
2005-01-01,XOM,4.033028991210653,4
2005-01-01,XOM,4.007878746170416,4
2005-01-01,XOM,3.9923614785910297,4
2005-01-01,XOM,3.943216642402749,4
2005-01-01,XOM,3.891796786842928,4
2005-01-01,XOM,3.889211069545235,4
2005-01-01,XOM,3.9961302238516847,4
2005-01-01,XOM,3.982991605355515,4
2005-01-01,XOM,3.945174346974249,4
2005-01-01,XOM,3.943890476825033,4
2005-01-01,XOM,3.973007023821173,4
2005-01-01,XOM,4.02406599279708,4
2005-01-01,XOM,4.080013863612469,4
2005-02-01,BP,3.0817784240820667,4
2005-02-01,BP,3.050020532100271,4
2005-02-01,BP,3.0341981621156706,4
2005-02-01,BP,3.089972986168734,4
2005-02-01,BP,3.10100408402946,4
2005-02-01,BP,3.0856975018827035,4
2005-02-01,BP,3.16899417626925,4
2005-02-01,BP,3.1308213403324996,4
2005-02-01,BP,3.0718624959325407,4
2005-02-01,BP,3.106900410488625,4
2005-02-01,BP,3.1010897469861205,4
2005-02-01,BP,3.153038364771447,4
2005-02-01,BP,3.12777824093258,4
2005-02-01,BP,3.1418204097721545,4
2005-02-01,BP,3.1300841331456937,4
2005-02-01,BP,3.247875154536036,4
2005-02-01,BP,3.3045278646812495,4
2005-02-01,BP,3.2896646798601847,4
2005-02-01,BP,3.352019540503292,4
2005-02-01,BP,3.3699401908771707,4
2005-02-01,BP,3.2736012301739983,4
2005-02-01,BP,3.3308991001529273,4
2005-02-01,BP,3.426119532046225,4
2005-02-01,BP,3.4533304690716813,4
2005-02-01,BP,3.4627412968298885,4
2005-02-01,BP,3.4501789889774632,4
2005-02-01,BP,3.399924370188686,4
2005-02-01,BP,3.486207379022656,4
2005-02-01,BP,3.4251623319309266,4
2005-02-01,BP,3.352985892191305,4
2005-02-01,BP,3.305241648480997,4
2005-02-01,BP,3.386257591151882,4
2005-02-01,BP,3.422790390474773,4
2005-02-01,BP,3.4620967436139645,4
2005-02-01,BP,3.46232547659218,4
2005-02-01,BP,3.3910107220992214,4
2005-02-01,BP,3.4294452913537583,4
2005-02-01,BP,3.38130212541174,4
2005-02-01,BP,3.3085095374550653,4
2005-02-01,BP,3.3527807782339023,4
2005-02-01,BP,3.350672486941231,4
2005-02-01,BP,3.337662994884768,4
2005-02-01,BP,3.3619107229344474,4
2005-02-01,BP,3.318313646434351,4
2005-02-01,BP,3.174488528603159,4
2005-02-01,BP,2.9424575911792967,4
2005-02-01,BP,2.917969798226595,4
2005-02-01,BP,2.8898470994129464,4
2005-02-01,BP,2.9241291636728453,4
2005-02-01,BP,2.867676953066943,4
2005-02-01,BP,2.8160015805943535,4
2005-02-01,BP,2.647799822443614,4
2005-02-01,BP,2.5274360938673124,4
2005-02-01,BP,2.761373801999785,4
2005-02-01,BP,2.8290094751460586,4
2005-02-01,BP,2.9086022177582835,4
2005-02-01,BP,3.0026022558885206,4
2005-02-01,BP,3.0135899272442583,4
2005-02-01,BP,3.0463133774434,4
2005-02-01,BP,3.0879619403808425,4
2005-02-01,BP,3.1070114234194413,4
2005-02-01,BP,3.0184161531459184,4
2005-02-01,BP,3.029929528626288,4
2005-02-01,BP,3.1535366903565047,4
2005-02-01,BP,3.2055798155787687,4
2005-02-01,BP,3.1021086419246533,4
2005-02-01,BP,3.139289346266753,4
2005-02-01,BP,3.2886543373654487,4
2005-02-01,BP,3.231762104501133,4
2005-02-01,BP,3.248395516438986,4
2005-02-01,BP,3.224994685418903,4
2005-02-01,BP,3.344632896851465,4
2005-02-01,BP,3.222940961028703,4
2005-02-01,BP,3.2586280335043463,4
2005-02-01,BP,3.3071265661782303,4
2005-02-01,BP,3.2417279490667044,4
2005-02-01,BP,3.395027697527686,4
2005-02-01,BP,3.4708082465593884,4
2005-02-01,BP,3.454147497622341,4
2005-02-01,BP,3.4906889741182523,4
2005-02-01,BP,3.579630357101508,4
2005-02-01,BP,3.5465661086600693,4
2005-02-01,BP,3.606415314968222,4
2005-02-01,BP,3.428354784167318,4
2005-02-01,BP,3.485021453531751,4
2005-02-01,BP,3.5404149457471075,4
2005-02-01,BP,3.5371927169016835,4
2005-02-01,BP,3.589497944551611,4
2005-02-01,BP,3.5326434111454392,4
2005-02-01,BP,3.5246837944079235,4
2005-02-01,BP,3.5124250512755184,4
2005-02-01,BP,3.503914215746777,4
2005-02-01,BP,3.500775525549713,4
2005-02-01,BP,3.5871099544823073,4
2005-02-01,BP,3.615627339083182,4
2005-02-01,BP,3.5841863936436273,4
2005-02-01,BP,3.5558872053272608,4
2005-02-01,BP,3.536023549945342,4
2005-02-01,BP,3.494777545602764,4
2005-02-01,BP,3.43051565621732,4
2005-02-01,BP,3.3636595422502245,4
2005-02-01,BP,3.361955026225528,4
2005-02-01,BP,3.386422078013099,4
2005-02-01,BP,3.435920800526155,4
2005-02-01,BP,3.5553480614894135,4
2005-02-01,COP,3.5156960855733477,4
2005-02-01,COP,3.4498102980781566,4
2005-02-01,COP,3.461395444320467,4
2005-02-01,COP,3.51867553414934,4
2005-02-01,COP,3.5182152637329147,4
2005-02-01,COP,3.634348067213097,4
2005-02-01,COP,3.667191045255979,4
2005-02-01,COP,3.639282160599924,4
2005-02-01,COP,3.614574051888684,4
2005-02-01,COP,3.667125940930661,4
2005-02-01,COP,3.6270307935009938,4
2005-02-01,COP,3.5574564547667977,4
2005-02-01,COP,3.5465680878071164,4
2005-02-01,COP,3.5781392279878865,4
2005-02-01,COP,3.5458086874416948,4
2005-02-01,COP,3.682398498935727,4
2005-02-01,COP,3.704138812755315,4
2005-02-01,COP,3.7041806077204,4
2005-02-01,COP,3.7800416629475864,4
2005-02-01,COP,3.8490222011373674,4
2005-02-01,COP,3.769418682740699,4
2005-02-01,COP,3.862518688607325,4
2005-02-01,COP,3.962128120913515,4
2005-02-01,COP,3.9905747104703697,4
2005-02-01,COP,4.0272485199414145,4
2005-02-01,COP,4.063221245852423,4
2005-02-01,COP,4.084626987278849,4
2005-02-01,COP,4.137281384346885,4
2005-02-01,COP,4.035360249331367,4
2005-02-01,COP,3.98487183645885,4
2005-02-01,COP,3.925257038990652,4
2005-02-01,COP,4.0074320850381016,4
2005-02-01,COP,4.0097929261425875,4
2005-02-01,COP,3.997828191852905,4
2005-02-01,COP,3.94206152965046,4
2005-02-01,COP,3.873883037405106,4
2005-02-01,COP,3.912866079506731,4
2005-02-01,COP,3.880884629901298,4
2005-02-01,COP,3.761760630360019,4
2005-02-01,COP,3.8497617558746695,4
2005-02-01,COP,3.818024160272808,4
2005-02-01,COP,3.9079403571883393,4
2005-02-01,COP,3.989445024169117,4
2005-02-01,COP,3.899395316640687,4
2005-02-01,COP,3.69450932854185,4
2005-02-01,COP,3.2491640422405483,4
2005-02-01,COP,3.5616971001577378,4
2005-02-01,COP,3.5635953397928963,4
2005-02-01,COP,3.5697452223804063,4
2005-02-01,COP,3.4530030239234377,4
2005-02-01,COP,3.4764368429281056,4
2005-02-01,COP,3.333396777592085,4
2005-02-01,COP,3.1958553059813,4
2005-02-01,COP,3.531789111741925,4
2005-02-01,COP,3.542600176632206,4
2005-02-01,COP,3.5435998070949424,4
2005-02-01,COP,3.80540700566368,4
2005-02-01,COP,3.8328386938756567,4
2005-02-01,COP,3.797679938622648,4
2005-02-01,COP,3.8838110771166225,4
2005-02-01,COP,3.980097476391887,4
2005-02-01,COP,3.8972869707103186,4
2005-02-01,COP,3.8954045093340546,4
2005-02-01,COP,4.094600368530825,4
2005-02-01,COP,4.189145986330107,4
2005-02-01,COP,4.134820915960775,4
2005-02-01,COP,4.1636335968525415,4
2005-02-01,COP,4.371599150664092,4
2005-02-01,COP,4.439643718934757,4
2005-02-01,COP,4.497429010845644,4
2005-02-01,COP,4.454578457930663,4
2005-02-01,COP,4.616950877397667,4
2005-02-01,COP,4.3974190736802665,4
2005-02-01,COP,4.486586506415562,4
2005-02-01,COP,4.602920266068366,4
2005-02-01,COP,4.540239905180012,4
2005-02-01,COP,4.763212492761443,4
2005-02-01,COP,4.742538811500844,4
2005-02-01,COP,4.700715670248374,4
2005-02-01,COP,4.7392053922594775,4
2005-02-01,COP,4.574371845542195,4
2005-02-01,COP,4.53793165265321,4
2005-02-01,COP,4.580527449320644,4
2005-02-01,COP,4.545012598153083,4
2005-02-01,COP,4.592643243690486,4
2005-02-01,COP,4.72630879147224,4
2005-02-01,COP,4.7373753593014305,4
2005-02-01,COP,4.748166399724909,4
2005-02-01,COP,4.744790742370929,4
2005-02-01,COP,4.717225723408883,4
2005-02-01,COP,4.726572356400249,4
2005-02-01,COP,4.689716311316803,4
2005-02-01,COP,4.695687557059221,4
2005-02-01,COP,4.825876626893392,4
2005-02-01,COP,4.812748709262514,4
2005-02-01,COP,4.737206826849994,4
2005-02-01,COP,4.725354984623872,4
2005-02-01,COP,4.697159052109951,4
2005-02-01,COP,4.720183343607298,4
2005-02-01,COP,4.649659763103797,4
2005-02-01,COP,4.689326080051972,4
2005-02-01,COP,4.678310653604232,4
2005-02-01,COP,4.5968355307342375,4
2005-02-01,COP,4.593401220915409,4
2005-02-01,COP,4.56705288606726,4
2005-02-01,CVX,4.292946871935062,4
2005-02-01,CVX,4.270274556210689,4
2005-02-01,CVX,4.251559955425377,4
2005-02-01,CVX,4.2850405613692315,4
2005-02-01,CVX,4.302665150844758,4
2005-02-01,CVX,4.36565058121054,4
2005-02-01,CVX,4.429188778431542,4
2005-02-01,CVX,4.373728233197047,4
2005-02-01,CVX,4.384002792055123,4
2005-02-01,CVX,4.34685697766718,4
2005-02-01,CVX,4.340597422263545,4
2005-02-01,CVX,4.30995472240413,4
2005-02-01,CVX,4.328256242861889,4
2005-02-01,CVX,4.373786505744886,4
2005-02-01,CVX,4.359303657291772,4
2005-02-01,CVX,4.457132666916805,4
2005-02-01,CVX,4.443335782747326,4
2005-02-01,CVX,4.46973381668216,4
2005-02-01,CVX,4.529844607900362,4
2005-02-01,CVX,4.531121826972585,4
2005-02-01,CVX,4.417796214363049,4
2005-02-01,CVX,4.446466743700616,4
2005-02-01,CVX,4.53911081493393,4
2005-02-01,CVX,4.532615572178053,4
2005-02-01,CVX,4.558288500722201,4
2005-02-01,CVX,4.557022157219356,4
2005-02-01,CVX,4.493174974003189,4
2005-02-01,CVX,4.534454913091222,4
2005-02-01,CVX,4.443510316247348,4
2005-02-01,CVX,4.5067606723792375,4
2005-02-01,CVX,4.427286521074744,4
2005-02-01,CVX,4.479751028819931,4
2005-02-01,CVX,4.521852678494201,4
2005-02-01,CVX,4.561516143290013,4
2005-02-01,CVX,4.535860862545155,4
2005-02-01,CVX,4.482751224557416,4
2005-02-01,CVX,4.581483580798125,4
2005-02-01,CVX,4.5707380928307,4
2005-02-01,CVX,4.525968945216707,4
2005-02-01,CVX,4.543643969006452,4
2005-02-01,CVX,4.5226837179380714,4
2005-02-01,CVX,4.531171695521319,4
2005-02-01,CVX,4.569425121321449,4
2005-02-01,CVX,4.45182891157679,4
2005-02-01,CVX,4.313941385361689,4
2005-02-01,CVX,4.072347584977822,4
2005-02-01,CVX,4.311101388057351,4
2005-02-01,CVX,4.307835249218463,4
2005-02-01,CVX,4.295104344236613,4
2005-02-01,CVX,4.233989181952942,4
2005-02-01,CVX,4.233869965393599,4
2005-02-01,CVX,4.094866721507162,4
2005-02-01,CVX,4.059527327175155,4
2005-02-01,CVX,4.286175622992673,4
2005-02-01,CVX,4.268967429045179,4
2005-02-01,CVX,4.277809238802415,4
2005-02-01,CVX,4.437977715340669,4
2005-02-01,CVX,4.4988024222322505,4
2005-02-01,CVX,4.482252348613564,4
2005-02-01,CVX,4.489213808154969,4
2005-02-01,CVX,4.510491551102052,4
2005-02-01,CVX,4.482118962362676,4
2005-02-01,CVX,4.431347536679867,4
2005-02-01,CVX,4.491968885145468,4
2005-02-01,CVX,4.6128902484374565,4
2005-02-01,CVX,4.598639508043094,4
2005-02-01,CVX,4.649055063215493,4
2005-02-01,CVX,4.7616073732987765,4
2005-02-01,CVX,4.853707442674866,4
2005-02-01,CVX,4.987045321970582,4
2005-02-01,CVX,4.948480215024879,4
2005-02-01,CVX,5.057179848337213,4
2005-02-01,CVX,4.877746830909016,4
2005-02-01,CVX,5.0010555580165095,4
2005-02-01,CVX,4.965506144835512,4
2005-02-01,CVX,4.879095615538511,4
2005-02-01,CVX,5.109521189731524,4
2005-02-01,CVX,5.122755534538726,4
2005-02-01,CVX,5.109401851693488,4
2005-02-01,CVX,5.078452697430371,4
2005-02-01,CVX,4.9992571275575495,4
2005-02-01,CVX,5.022815151070418,4
2005-02-01,CVX,5.055494343576947,4
2005-02-01,CVX,4.94284398403194,4
2005-02-01,CVX,4.996301383582217,4
2005-02-01,CVX,5.0356197411630825,4
2005-02-01,CVX,5.019853841849188,4
2005-02-01,CVX,5.0750407688164065,4
2005-02-01,CVX,4.929148732813571,4
2005-02-01,CVX,4.914424908609862,4
2005-02-01,CVX,4.962840575468579,4
2005-02-01,CVX,4.95117457089953,4
2005-02-01,CVX,4.981767292218998,4
2005-02-01,CVX,5.029621791752939,4
2005-02-01,CVX,5.051753729048704,4
2005-02-01,CVX,5.058120295310001,4
2005-02-01,CVX,5.031265642302869,4
2005-02-01,CVX,5.056827996759591,4
2005-02-01,CVX,4.975595420512062,4
2005-02-01,CVX,4.982118514678275,4
2005-02-01,CVX,4.992588393895944,4
2005-02-01,CVX,5.077014904270424,4
2005-02-01,CVX,4.975629659613614,4
2005-02-01,CVX,5.005220677759167,4
2005-02-01,CVX,5.0456162394167015,4
2005-02-01,ENB,3.2785998085802146,4
2005-02-01,ENB,3.249132954288807,4
2005-02-01,ENB,3.2084426359111884,4
2005-02-01,ENB,3.33160392375751,4
2005-02-01,ENB,3.3073461488770017,4
2005-02-01,ENB,3.2808219536242764,4
2005-02-01,ENB,3.2920522447053324,4
2005-02-01,ENB,3.303383249423923,4
2005-02-01,ENB,3.2856208817914005,4
2005-02-01,ENB,3.295769894632022,4
2005-02-01,ENB,3.2864046939112455,4
2005-02-01,ENB,3.212834587774643,4
2005-02-01,ENB,3.256906598451567,4
2005-02-01,ENB,3.297517169856583,4
2005-02-01,ENB,3.2614177262191513,4
2005-02-01,ENB,3.318719157551375,4
2005-02-01,ENB,3.2344847234697434,4
2005-02-01,ENB,3.2147914146873844,4
2005-02-01,ENB,3.2645571606346175,4
2005-02-01,ENB,3.1990467323780707,4
2005-02-01,ENB,3.0582739839422604,4
2005-02-01,ENB,3.062545966222598,4
2005-02-01,ENB,3.0236685323636405,4
2005-02-01,ENB,3.0497541189746915,4
2005-02-01,ENB,3.2040249599987916,4
2005-02-01,ENB,3.1967133245013533,4
2005-02-01,ENB,3.160502504555181,4
2005-02-01,ENB,3.103912002182883,4
2005-02-01,ENB,3.066683675087007,4
2005-02-01,ENB,3.1174465433987835,4
2005-02-01,ENB,3.067283223414453,4
2005-02-01,ENB,3.231313038407534,4
2005-02-01,ENB,3.2413662180013763,4
2005-02-01,ENB,3.237066453770908,4
2005-02-01,ENB,3.255646116455191,4
2005-02-01,ENB,3.2537493517361304,4
2005-02-01,ENB,3.232089755552911,4
2005-02-01,ENB,3.154607530887857,4
2005-02-01,ENB,3.1567018562320657,4
2005-02-01,ENB,3.220350719342438,4
2005-02-01,ENB,3.2575629983333703,4
2005-02-01,ENB,3.3003057441224093,4
2005-02-01,ENB,3.3603185359402623,4
2005-02-01,ENB,3.3826962027992664,4
2005-02-01,ENB,3.299678155125807,4
2005-02-01,ENB,3.061891174539489,4
2005-02-01,ENB,3.1151077363714834,4
2005-02-01,ENB,3.1711970614492935,4
2005-02-01,ENB,3.125141627282704,4
2005-02-01,ENB,3.175777443355081,4
2005-02-01,ENB,3.176402054038855,4
2005-02-01,ENB,3.1023550385045366,4
2005-02-01,ENB,3.0445516833081365,4
2005-02-01,ENB,3.168924724010953,4
2005-02-01,ENB,3.214167492421558,4
2005-02-01,ENB,3.2632700933227947,4
2005-02-01,ENB,3.2695008089805646,4
2005-02-01,ENB,3.361690235278879,4
2005-02-01,ENB,3.4195961379070856,4
2005-02-01,ENB,3.417259993479664,4
2005-02-01,ENB,3.4744246429663503,4
2005-02-01,ENB,3.4570417158796003,4
2005-02-01,ENB,3.4560245431150625,4
2005-02-01,ENB,3.4851355729445106,4
2005-02-01,ENB,3.5355994335897325,4
2005-02-01,ENB,3.426675451309474,4
2005-02-01,ENB,3.4828923069053954,4
2005-02-01,ENB,3.5613591422133872,4
2005-02-01,ENB,3.582658884301208,4
2005-02-01,ENB,3.663480066968323,4
2005-02-01,ENB,3.608858227723653,4
2005-02-01,ENB,3.664781214028303,4
2005-02-01,ENB,3.5921931294922764,4
2005-02-01,ENB,3.653457873446477,4
2005-02-01,ENB,3.567275611367998,4
2005-02-01,ENB,3.477307336141498,4
2005-02-01,ENB,3.525969329442601,4
2005-02-01,ENB,3.5843108103083146,4
2005-02-01,ENB,3.5454533179497103,4
2005-02-01,ENB,3.5921711740860167,4
2005-02-01,ENB,3.5042051638553207,4
2005-02-01,ENB,3.537274511858199,4
2005-02-01,ENB,3.578610003639928,4
2005-02-01,ENB,3.4567948718068604,4
2005-02-01,ENB,3.5275196327564244,4
2005-02-01,ENB,3.5180536099270268,4
2005-02-01,ENB,3.4701870318440053,4
2005-02-01,ENB,3.4329417387623513,4
2005-02-01,ENB,3.397678305838127,4
2005-02-01,ENB,3.4823199457217853,4
2005-02-01,ENB,3.533968756796946,4
2005-02-01,ENB,3.5194270045049314,4
2005-02-01,ENB,3.4885320231822003,4
2005-02-01,ENB,3.5384008702413987,4
2005-02-01,ENB,3.520553321546774,4
2005-02-01,ENB,3.549396022145489,4
2005-02-01,ENB,3.539828539412254,4
2005-02-01,ENB,3.589969194844201,4
2005-02-01,ENB,3.6611332371582375,4
2005-02-01,ENB,3.688791139972658,4
2005-02-01,ENB,3.683606635556627,4
2005-02-01,ENB,3.7547753540434146,4
2005-02-01,ENB,3.747855666406686,4
2005-02-01,ENB,3.7667660315884626,4
2005-02-01,ENB,3.7628266919804423,4
2005-02-01,EOG,4.125612024015618,4
2005-02-01,EOG,4.150616414879483,4
2005-02-01,EOG,4.129782152739373,4
2005-02-01,EOG,4.211593171424782,4
2005-02-01,EOG,4.3004203721783325,4
2005-02-01,EOG,4.2331691979283255,4
2005-02-01,EOG,4.360507691600053,4
2005-02-01,EOG,4.346559602196153,4
2005-02-01,EOG,4.351296409317572,4
2005-02-01,EOG,4.3066596364019665,4
2005-02-01,EOG,4.312417090757604,4
2005-02-01,EOG,4.259260474498905,4
2005-02-01,EOG,4.2370064413271855,4
2005-02-01,EOG,4.239328710608458,4
2005-02-01,EOG,4.289107393125447,4
2005-02-01,EOG,4.178148404599212,4
2005-02-01,EOG,4.307641412974146,4
2005-02-01,EOG,4.339483605757831,4
2005-02-01,EOG,4.365459781091409,4
2005-02-01,EOG,4.4186524290004465,4
2005-02-01,EOG,4.482287115845012,4
2005-02-01,EOG,4.358078245240961,4
2005-02-01,EOG,4.395336219820868,4
2005-02-01,EOG,4.510932276555344,4
2005-02-01,EOG,4.509564689755014,4
2005-02-01,EOG,4.56423469778402,4
2005-02-01,EOG,4.599838462175726,4
2005-02-01,EOG,4.5145931110802655,4
2005-02-01,EOG,4.590626692538038,4
2005-02-01,EOG,4.399154258581374,4
2005-02-01,EOG,4.381492148141918,4
2005-02-01,EOG,4.212076733954729,4
2005-02-01,EOG,4.340895780796904,4
2005-02-01,EOG,4.289286648769223,4
2005-02-01,EOG,4.3017616643969765,4
2005-02-01,EOG,4.310860670687714,4
2005-02-01,EOG,4.153337736572556,4
2005-02-01,EOG,4.282401567534795,4
2005-02-01,EOG,4.2006844031770045,4
2005-02-01,EOG,4.057962817700442,4
2005-02-01,EOG,4.058366845365319,4
2005-02-01,EOG,3.989922516089099,4
2005-02-01,EOG,4.016771219715105,4
2005-02-01,EOG,4.1834565726069854,4
2005-02-01,EOG,4.044726657269598,4
2005-02-01,EOG,3.9060800115087817,4
2005-02-01,EOG,3.3401208108146707,4
2005-02-01,EOG,3.619766684954055,4
2005-02-01,EOG,3.698983343068357,4
2005-02-01,EOG,3.6928831549760184,4
2005-02-01,EOG,3.6146973126917503,4
2005-02-01,EOG,3.589868329104417,4
2005-02-01,EOG,3.3575298300195113,4
2005-02-01,EOG,3.3090737494635367,4
2005-02-01,EOG,3.633288414816131,4
2005-02-01,EOG,3.695116732873134,4
2005-02-01,EOG,3.7167380864534953,4
2005-02-01,EOG,3.95951300252744,4
2005-02-01,EOG,4.075918508528464,4
2005-02-01,EOG,4.091106305211945,4
2005-02-01,EOG,4.183773017283357,4
2005-02-01,EOG,4.221633372236588,4
2005-02-01,EOG,4.086045295285797,4
2005-02-01,EOG,4.027826476158781,4
2005-02-01,EOG,4.200798496908215,4
2005-02-01,EOG,4.342178641997224,4
2005-02-01,EOG,4.285889458568159,4
2005-02-01,EOG,4.306705704424289,4
2005-02-01,EOG,4.556807901151471,4
2005-02-01,EOG,4.594523500675878,4
2005-02-01,EOG,4.631341732522271,4
2005-02-01,EOG,4.61901531977315,4
2005-02-01,EOG,4.784622474828977,4
2005-02-01,EOG,4.569405986100592,4
2005-02-01,EOG,4.5900979087102955,4
2005-02-01,EOG,4.68442927090421,4
2005-02-01,EOG,4.602247523170865,4
2005-02-01,EOG,4.814912697632828,4
2005-02-01,EOG,4.85968275539317,4
2005-02-01,EOG,4.768184037699911,4
2005-02-01,EOG,4.800881064358456,4
2005-02-01,EOG,4.650096125723017,4
2005-02-01,EOG,4.6642408666881785,4
2005-02-01,EOG,4.714796333017117,4
2005-02-01,EOG,4.614034513788809,4
2005-02-01,EOG,4.678549743498207,4
2005-02-01,EOG,4.825308003904999,4
2005-02-01,EOG,4.802115007566189,4
2005-02-01,EOG,4.787548198707912,4
2005-02-01,EOG,4.7835166947367895,4
2005-02-01,EOG,4.764188997732828,4
2005-02-01,EOG,4.746812895127063,4
2005-02-01,EOG,4.698531724371507,4
2005-02-01,EOG,4.712274800548356,4
2005-02-01,EOG,4.822828874271436,4
2005-02-01,EOG,4.855835684819933,4
2005-02-01,EOG,4.803505677679525,4
2005-02-01,EOG,4.814048035617721,4
2005-02-01,EOG,4.821409464404847,4
2005-02-01,EOG,4.84415764977872,4
2005-02-01,EOG,4.797356560329458,4
2005-02-01,EOG,4.789434650358453,4
2005-02-01,EOG,4.885214291836028,4
2005-02-01,EOG,4.801676135997386,4
2005-02-01,EOG,4.827526134744349,4
2005-02-01,EOG,4.862212603427501,4
2005-02-01,EPD,2.697963926815223,4
2005-02-01,EPD,2.750588982818384,4
2005-02-01,EPD,2.723218669231762,4
2005-02-01,EPD,2.6615919392706897,4
2005-02-01,EPD,2.707130245296722,4
2005-02-01,EPD,2.6166578761244375,4
2005-02-01,EPD,2.658815926642168,4
2005-02-01,EPD,2.7007327809733384,4
2005-02-01,EPD,2.7473365322315098,4
2005-02-01,EPD,2.7505165948098527,4
2005-02-01,EPD,2.7354193171059755,4
2005-02-01,EPD,2.724860375410287,4
2005-02-01,EPD,2.7209755695500184,4
2005-02-01,EPD,2.7309959562778863,4
2005-02-01,EPD,2.7354175231120874,4
2005-02-01,EPD,2.7083199273977696,4
2005-02-01,EPD,2.7083199273977696,4
2005-02-01,EPD,2.6462079657620436,4
2005-02-01,EPD,2.6687038290125087,4
2005-02-01,EPD,2.7422602972277357,4
2005-02-01,EPD,2.783278575905427,4
2005-02-01,EPD,2.715027931166292,4
2005-02-01,EPD,2.677348265518204,4
2005-02-01,EPD,2.769385271030591,4
2005-02-01,EPD,2.8593239525216037,4
2005-02-01,EPD,2.815831262048033,4
2005-02-01,EPD,2.862778477237317,4
2005-02-01,EPD,2.863633526426427,4
2005-02-01,EPD,2.8681686254505228,4
2005-02-01,EPD,2.799374643926407,4
2005-02-01,EPD,2.79437956380416,4
2005-02-01,EPD,2.7290534378250957,4
2005-02-01,EPD,2.847062191392693,4
2005-02-01,EPD,2.8620368354923293,4
2005-02-01,EPD,2.913149234501558,4
2005-02-01,EPD,2.8968659161308934,4
2005-02-01,EPD,2.885709944834167,4
2005-02-01,EPD,2.9202445423155874,4
2005-02-01,EPD,2.96229886637093,4
2005-02-01,EPD,2.922621963125557,4
2005-02-01,EPD,2.9250742976450206,4
2005-02-01,EPD,2.8316170784569668,4
2005-02-01,EPD,2.8593454854461293,4
2005-02-01,EPD,2.926918983251031,4
2005-02-01,EPD,2.8382272900239593,4
2005-02-01,EPD,2.755631829471155,4
2005-02-01,EPD,2.2657226732346296,4
2005-02-01,EPD,2.471086789991142,4
2005-02-01,EPD,2.581302547281953,4
2005-02-01,EPD,2.5313862851700883,4
2005-02-01,EPD,2.4995131384667117,4
2005-02-01,EPD,2.5216125952670256,4
2005-02-01,EPD,2.415365844497352,4
2005-02-01,EPD,2.4635829286997426,4
2005-02-01,EPD,2.6478665365529506,4
2005-02-01,EPD,2.6576128394490643,4
2005-02-01,EPD,2.689760200266712,4
2005-02-01,EPD,2.764185738987176,4
2005-02-01,EPD,2.796491427121901,4
2005-02-01,EPD,2.840469324918138,4
2005-02-01,EPD,2.8854298121041495,4
2005-02-01,EPD,2.9072151081159316,4
2005-02-01,EPD,2.840380880661465,4
2005-02-01,EPD,2.8461038015646847,4
2005-02-01,EPD,2.817855626960692,4
2005-02-01,EPD,2.8647957561301713,4
2005-02-01,EPD,2.8252679366709548,4
2005-02-01,EPD,2.8515670399512967,4
2005-02-01,EPD,2.925284706433434,4
2005-02-01,EPD,2.977068196167033,4
2005-02-01,EPD,3.0324276623091686,4
2005-02-01,EPD,3.0362947129083433,4
2005-02-01,EPD,3.110859638956448,4
2005-02-01,EPD,2.9929399302559063,4
2005-02-01,EPD,3.085373554308466,4
2005-02-01,EPD,3.0879964649494895,4
2005-02-01,EPD,2.9865122143557827,4
2005-02-01,EPD,3.046493419158083,4
2005-02-01,EPD,3.0479812840424985,4
2005-02-01,EPD,3.0197759910395146,4
2005-02-01,EPD,3.0793268686904867,4
2005-02-01,EPD,3.095231136022961,4
2005-02-01,EPD,3.109619792073226,4
2005-02-01,EPD,3.1253260346709,4
2005-02-01,EPD,3.10593806655725,4
2005-02-01,EPD,3.145416938699785,4
2005-02-01,EPD,3.1514705683601956,4
2005-02-01,EPD,3.173976838173154,4
2005-02-01,EPD,3.202137239442397,4
2005-02-01,EPD,3.152323640300796,4
2005-02-01,EPD,3.198981515512904,4
2005-02-01,EPD,3.1827944172161704,4
2005-02-01,EPD,3.198234408997573,4
2005-02-01,EPD,3.2426180705589993,4
2005-02-01,EPD,3.303735427340218,4
2005-02-01,EPD,3.2653094373452887,4
2005-02-01,EPD,3.298036796270288,4
2005-02-01,EPD,3.314738636256414,4
2005-02-01,EPD,3.310589289891539,4
2005-02-01,EPD,3.345004674437236,4
2005-02-01,EPD,3.337134618102227,4
2005-02-01,EPD,3.321555274703284,4
2005-02-01,EPD,3.523086648954058,4
2005-02-01,EPD,3.42969162555784,4
2005-02-01,EPD,3.47000329855396,4
2005-02-01,EPD,3.509752747149185,4
2005-02-01,PBR,0.6211370065030107,4
2005-02-01,PBR,0.8615376524999545,4
2005-02-01,PBR,1.0540491964859378,4
2005-02-01,PBR,1.105688332746364,4
2005-02-01,PBR,1.1262625888910172,4
2005-02-01,PBR,1.350048868103937,4
2005-02-01,PBR,1.2790342039044162,4
2005-02-01,PBR,1.2065528814183917,4
2005-02-01,PBR,1.2212802440186998,4
2005-02-01,PBR,1.2035808150478493,4
2005-02-01,PBR,1.1641219831809226,4
2005-02-01,PBR,1.091362706140785,4
2005-02-01,PBR,1.0307379792572782,4
2005-02-01,PBR,0.9712184896787492,4
2005-02-01,PBR,1.0689151042719862,4
2005-02-01,PBR,1.0880272642011934,4
2005-02-01,PBR,1.199604772145647,4
2005-02-01,PBR,1.2585874328696107,4
2005-02-01,PBR,1.1672130383702686,4
2005-02-01,PBR,1.2241999649844542,4
2005-02-01,PBR,1.485292915036113,4
2005-02-01,PBR,1.5349380353988615,4
2005-02-01,PBR,1.5420351859518906,4
2005-02-01,PBR,1.5384929068554083,4
2005-02-01,PBR,1.3661989558686354,4
2005-02-01,PBR,1.200370710133932,4
2005-02-01,PBR,1.3569397781078745,4
2005-02-01,PBR,1.2807967188867089,4
2005-02-01,PBR,1.3878638304574298,4
2005-02-01,PBR,1.685233661934893,4
2005-02-01,PBR,1.5754186901560534,4
2005-02-01,PBR,1.4665538594804846,4
2005-02-01,PBR,1.6940340240446383,4
2005-02-01,PBR,1.657802829105764,4
2005-02-01,PBR,1.670445277085454,4
2005-02-01,PBR,1.626136266227335,4
2005-02-01,PBR,1.5721786304345096,4
2005-02-01,PBR,1.6518387075998897,4
2005-02-01,PBR,1.6178708827071338,4
2005-02-01,PBR,1.5128792137624882,4
2005-02-01,PBR,1.5785701932883989,4
2005-02-01,PBR,1.6939701386086423,4
2005-02-01,PBR,1.5963788459268011,4
2005-02-01,PBR,1.681530908258366,4
2005-02-01,PBR,1.559583129177036,4
2005-02-01,PBR,1.4059049308210358,4
2005-02-01,PBR,0.6174474886307518,4
2005-02-01,PBR,0.8456689870927628,4
2005-02-01,PBR,0.944787447456362,4
2005-02-01,PBR,1.0253337668933178,4
2005-02-01,PBR,1.0725679408438074,4
2005-02-01,PBR,1.0225671182775022,4
2005-02-01,PBR,0.8850058915921017,4
2005-02-01,PBR,0.8137029384570866,4
2005-02-01,PBR,1.1807314089565146,4
2005-02-01,PBR,1.340686952880831,4
2005-02-01,PBR,1.2296707586705102,4
2005-02-01,PBR,0.9927512513242548,4
2005-02-01,PBR,1.059808562131532,4
2005-02-01,PBR,1.059808562131532,4
2005-02-01,PBR,1.2797331244399628,4
2005-02-01,PBR,1.4602572535596257,4
2005-02-01,PBR,1.3238015391826197,4
2005-02-01,PBR,1.339608341286313,4
2005-02-01,PBR,1.349691325957568,4
2005-02-01,PBR,1.2980927624574086,4
2005-02-01,PBR,1.38110778734492,4
2005-02-01,PBR,1.4097468704352536,4
2005-02-01,PBR,1.7219964476597294,4
2005-02-01,PBR,1.7900398678067864,4
2005-02-01,PBR,1.8251071589442187,4
2005-02-01,PBR,1.73834154231195,4
2005-02-01,PBR,1.8403818483311103,4
2005-02-01,PBR,1.7624324251080248,4
2005-02-01,PBR,1.9634142874785987,4
2005-02-01,PBR,1.9641143434942705,4
2005-02-01,PBR,2.005704104210981,4
2005-02-01,PBR,2.043864551741156,4
2005-02-01,PBR,1.9515918410732656,4
2005-02-01,PBR,1.9790998769773007,4
2005-02-01,PBR,2.064545194559444,4
2005-02-01,PBR,2.019583745006675,4
2005-02-01,PBR,1.9582261747974556,4
2005-02-01,PBR,1.976279119210918,4
2005-02-01,PBR,2.1653962457546685,4
2005-02-01,PBR,2.3464172314369365,4
2005-02-01,PBR,2.462187021935282,4
2005-02-01,PBR,2.4183233114357545,4
2005-02-01,PBR,2.5181208137818727,4
2005-02-01,PBR,2.5187876495709745,4
2005-02-01,PBR,2.5366275915468575,4
2005-02-01,PBR,2.616635444498575,4
2005-02-01,PBR,2.683245973777897,4
2005-02-01,PBR,2.650495226960345,4
2005-02-01,PBR,2.5678765904207204,4
2005-02-01,PBR,2.6773704247345345,4
2005-02-01,PBR,2.6158885742608313,4
2005-02-01,PBR,2.545286652274653,4
2005-02-01,PBR,2.5572433240965484,4
2005-02-01,PBR,2.6223509123888538,4
2005-02-01,PBR,2.593744669614289,4
2005-02-01,PBR,2.524801319333725,4
2005-02-01,PBR,2.584682164154448,4
2005-02-01,PBR,2.479943911846227,4
2005-02-01,PBR,2.6539459447935254,4
2005-02-01,PBR,2.6616571402213416,4
2005-02-01,PBR.A,3.3946356528777413,4
2005-02-01,PBR.A,3.3946356528777413,4
2005-02-01,PBR.A,3.3946356528777413,4
2005-02-01,PBR.A,3.3946356528777413,4
2005-02-01,PBR.A,3.3946356528777413,4
2005-02-01,PBR.A,3.3946356528777413,4
2005-02-01,PBR.A,3.3946356528777413,4
2005-02-01,PBR.A,3.3946356528777413,4
2005-02-01,PBR.A,3.3946356528777413,4
2005-02-01,PBR.A,3.3946356528777413,4
2005-02-01,PBR.A,3.3946356528777413,4
2005-02-01,PBR.A,3.3946356528777413,4
2005-02-01,PBR.A,3.3946356528777413,4
2005-02-01,PBR.A,3.3946356528777413,4
2005-02-01,PBR.A,3.3946356528777413,4
2005-02-01,PBR.A,3.3946356528777413,4
2005-02-01,PBR.A,3.3946356528777413,4
2005-02-01,PBR.A,3.3946356528777413,4
2005-02-01,PBR.A,3.3946356528777413,4
2005-02-01,PBR.A,3.3946356528777413,4
2005-02-01,PBR.A,3.3946356528777413,4
2005-02-01,PBR.A,3.3946356528777413,4
2005-02-01,PBR.A,3.3946356528777413,4
2005-02-01,PBR.A,3.3946356528777413,4
2005-02-01,PBR.A,3.3946356528777413,4
2005-02-01,PBR.A,3.3946356528777413,4
2005-02-01,PBR.A,3.3946356528777413,4
2005-02-01,PBR.A,3.3946356528777413,4
2005-02-01,PBR.A,3.3946356528777413,4
2005-02-01,PBR.A,3.3946356528777413,4
2005-02-01,PBR.A,3.3946356528777413,4
2005-02-01,PBR.A,3.3946356528777413,4
2005-02-01,PBR.A,3.3946356528777413,4
2005-02-01,PBR.A,3.3946356528777413,4
2005-02-01,PBR.A,3.3946356528777413,4
2005-02-01,PBR.A,3.3946356528777413,4
2005-02-01,PBR.A,3.3946356528777413,4
2005-02-01,PBR.A,3.3946356528777413,4
2005-02-01,PBR.A,3.3946356528777413,4
2005-02-01,PBR.A,3.3946356528777413,4
2005-02-01,PBR.A,3.3946356528777413,4
2005-02-01,PBR.A,3.3946356528777413,4
2005-02-01,PBR.A,3.3946356528777413,4
2005-02-01,PBR.A,3.3946356528777413,4
2005-02-01,PBR.A,3.3946356528777413,4
2005-02-01,PBR.A,3.3946356528777413,4
2005-02-01,PBR.A,3.3946356528777413,4
2005-02-01,PBR.A,3.3946356528777413,4
2005-02-01,PBR.A,3.3946356528777413,4
2005-02-01,PBR.A,3.3946356528777413,4
2005-02-01,PBR.A,3.3946356528777413,4
2005-02-01,PBR.A,3.3946356528777413,4
2005-02-01,PBR.A,3.3946356528777413,4
2005-02-01,PBR.A,3.3946356528777413,4
2005-02-01,PBR.A,3.3946356528777413,4
2005-02-01,PBR.A,3.3946356528777413,4
2005-02-01,PBR.A,3.3946356528777413,4
2005-02-01,PBR.A,3.3946356528777413,4
2005-02-01,PBR.A,3.3946356528777413,4
2005-02-01,PBR.A,3.3946356528777413,4
2005-02-01,PBR.A,3.3946356528777413,4
2005-02-01,PBR.A,3.3946356528777413,4
2005-02-01,PBR.A,3.3946356528777413,4
2005-02-01,PBR.A,3.3946356528777413,4
2005-02-01,PBR.A,3.3946356528777413,4
2005-02-01,PBR.A,3.3946356528777413,4
2005-02-01,PBR.A,3.3946356528777413,4
2005-02-01,PBR.A,3.3946356528777413,4
2005-02-01,PBR.A,3.3946356528777413,4
2005-02-01,PBR.A,3.3946356528777413,4
2005-02-01,PBR.A,3.3946356528777413,4
2005-02-01,PBR.A,3.3946356528777413,4
2005-02-01,PBR.A,3.3946356528777413,4
2005-02-01,PBR.A,3.3946356528777413,4
2005-02-01,PBR.A,3.3946356528777413,4
2005-02-01,PBR.A,3.3946356528777413,4
2005-02-01,PBR.A,3.3946356528777413,4
2005-02-01,PBR.A,3.3946356528777413,4
2005-02-01,PBR.A,3.3946356528777413,4
2005-02-01,PBR.A,3.3946356528777413,4
2005-02-01,PBR.A,3.3946356528777413,4
2005-02-01,PBR.A,3.3946356528777413,4
2005-02-01,PBR.A,3.3946356528777413,4
2005-02-01,PBR.A,3.3946356528777413,4
2005-02-01,PBR.A,3.3946356528777413,4
2005-02-01,PBR.A,3.3946356528777413,4
2005-02-01,PBR.A,3.3946356528777413,4
2005-02-01,PBR.A,3.3946356528777413,4
2005-02-01,PBR.A,3.3946356528777413,4
2005-02-01,PBR.A,3.3946356528777413,4
2005-02-01,PBR.A,3.3946356528777413,4
2005-02-01,PBR.A,3.3946356528777413,4
2005-02-01,PBR.A,3.3946356528777413,4
2005-02-01,PBR.A,3.3946356528777413,4
2005-02-01,PBR.A,3.3946356528777413,4
2005-02-01,PBR.A,3.3946356528777413,4
2005-02-01,PBR.A,3.3946356528777413,4
2005-02-01,PBR.A,3.3946356528777413,4
2005-02-01,PBR.A,3.3946356528777413,4
2005-02-01,PBR.A,3.3946356528777413,4
2005-02-01,PBR.A,3.3946356528777413,4
2005-02-01,PBR.A,3.3946356528777413,4
2005-02-01,PBR.A,3.3946356528777413,4
2005-02-01,PBR.A,3.3946356528777413,4
2005-02-01,PBR.A,3.3946356528777413,4
2005-02-01,PBR.A,3.3946356528777413,4
2005-02-01,SHEL,3.434833585941506,4
2005-02-01,SHEL,3.5834670148397647,4
2005-02-01,SHEL,3.5193392170553506,4
2005-02-01,SHEL,3.461919355797757,4
2005-02-01,SHEL,3.504459100622072,4
2005-02-01,SHEL,3.499253029976051,4
2005-02-01,SHEL,3.524821119766413,4
2005-02-01,SHEL,3.605504976974777,4
2005-02-01,SHEL,3.6056889556843466,4
2005-02-01,SHEL,3.558634738185683,4
2005-02-01,SHEL,3.5921078263604023,4
2005-02-01,SHEL,3.581814011637275,4
2005-02-01,SHEL,3.623471007174572,4
2005-02-01,SHEL,3.617673143052804,4
2005-02-01,SHEL,3.6785740597372647,4
2005-02-01,SHEL,3.6544032965922417,4
2005-02-01,SHEL,3.7643228430895914,4
2005-02-01,SHEL,3.803968995370363,4
2005-02-01,SHEL,3.821114607317188,4
2005-02-01,SHEL,3.875707601465355,4
2005-02-01,SHEL,3.927270698735997,4
2005-02-01,SHEL,3.8227640372470737,4
2005-02-01,SHEL,3.845706782067009,4
2005-02-01,SHEL,3.936862538198924,4
2005-02-01,SHEL,3.932273871376059,4
2005-02-01,SHEL,3.9404263611678982,4
2005-02-01,SHEL,3.927926075740745,4
2005-02-01,SHEL,3.8809113899195022,4
2005-02-01,SHEL,3.938636899628123,4
2005-02-01,SHEL,3.8632186123366825,4
2005-02-01,SHEL,3.818061707953338,4
2005-02-01,SHEL,3.797602867770075,4
2005-02-01,SHEL,3.855285519902952,4
2005-02-01,SHEL,3.863031298123112,4
2005-02-01,SHEL,3.8841418029498462,4
2005-02-01,SHEL,3.899048807213501,4
2005-02-01,SHEL,3.8716018711298847,4
2005-02-01,SHEL,3.937599046516372,4
2005-02-01,SHEL,3.9035223930310927,4
2005-02-01,SHEL,3.7803186432409297,4
2005-02-01,SHEL,3.853940244833601,4
2005-02-01,SHEL,3.838874034204721,4
2005-02-01,SHEL,3.830559426683824,4
2005-02-01,SHEL,3.871860894709349,4
2005-02-01,SHEL,3.748786925025933,4
2005-02-01,SHEL,3.5795339751993165,4
2005-02-01,SHEL,3.3648778109402864,4
2005-02-01,SHEL,3.3131168325703797,4
2005-02-01,SHEL,3.2768498062093734,4
2005-02-01,SHEL,3.3101094361499928,4
2005-02-01,SHEL,3.2178841987259172,4
2005-02-01,SHEL,3.2135137266778178,4
2005-02-01,SHEL,3.058476158370571,4
2005-02-01,SHEL,3.073460657389557,4
2005-02-01,SHEL,3.354466948199097,4
2005-02-01,SHEL,3.402828677227136,4
2005-02-01,SHEL,3.4514292488044043,4
2005-02-01,SHEL,3.5577922548053817,4
2005-02-01,SHEL,3.520664473037399,4
2005-02-01,SHEL,3.48931870676924,4
2005-02-01,SHEL,3.505243786573887,4
2005-02-01,SHEL,3.5593636220082265,4
2005-02-01,SHEL,3.5647943799915005,4
2005-02-01,SHEL,3.543395217955817,4
2005-02-01,SHEL,3.669127810854352,4
2005-02-01,SHEL,3.6989675766909498,4
2005-02-01,SHEL,3.610688488993063,4
2005-02-01,SHEL,3.6530067221308298,4
2005-02-01,SHEL,3.822185372712702,4
2005-02-01,SHEL,3.841263022633408,4
2005-02-01,SHEL,3.888606746226057,4
2005-02-01,SHEL,3.8609196247749606,4
2005-02-01,SHEL,3.9638066008936423,4
2005-02-01,SHEL,3.847947918554992,4
2005-02-01,SHEL,3.868579025251534,4
2005-02-01,SHEL,3.861057319788752,4
2005-02-01,SHEL,3.807809716247055,4
2005-02-01,SHEL,3.919320835296813,4
2005-02-01,SHEL,3.969112044472668,4
2005-02-01,SHEL,3.95170680362052,4
2005-02-01,SHEL,3.983845112631186,4
2005-02-01,SHEL,4.016629536654789,4
2005-02-01,SHEL,3.9712621032813793,4
2005-02-01,SHEL,4.045593440717008,4
2005-02-01,SHEL,3.9441333598529265,4
2005-02-01,SHEL,4.02894337797355,4
2005-02-01,SHEL,4.04943432401184,4
2005-02-01,SHEL,4.056870486667939,4
2005-02-01,SHEL,4.103733521806493,4
2005-02-01,SHEL,4.11546937920842,4
2005-02-01,SHEL,4.12555052425331,4
2005-02-01,SHEL,4.13563922333821,4
2005-02-01,SHEL,4.090724354450751,4
2005-02-01,SHEL,4.089451898221462,4
2005-02-01,SHEL,4.165214587176068,4
2005-02-01,SHEL,4.231857840267245,4
2005-02-01,SHEL,4.247366108375272,4
2005-02-01,SHEL,4.248518565926351,4
2005-02-01,SHEL,4.262824072946853,4
2005-02-01,SHEL,4.241288220641632,4
2005-02-01,SHEL,4.167699565782538,4
2005-02-01,SHEL,4.19167079886784,4
2005-02-01,SHEL,4.149181895109113,4
2005-02-01,SHEL,4.126878952290252,4
2005-02-01,SHEL,4.176694669090229,4
2005-02-01,SHEL,4.206630997036283,4
2005-02-01,TTE,3.3615570197183104,4
2005-02-01,TTE,3.3528632559169296,4
2005-02-01,TTE,3.367039686302544,4
2005-02-01,TTE,3.3597367910463127,4
2005-02-01,TTE,3.358689314084805,4
2005-02-01,TTE,3.374186894241059,4
2005-02-01,TTE,3.372509534105371,4
2005-02-01,TTE,3.439654338030804,4
2005-02-01,TTE,3.4448676718912052,4
2005-02-01,TTE,3.433129699067807,4
2005-02-01,TTE,3.44209493485122,4
2005-02-01,TTE,3.4700568315698073,4
2005-02-01,TTE,3.491899557116769,4
2005-02-01,TTE,3.451918399929633,4
2005-02-01,TTE,3.4734631574090313,4
2005-02-01,TTE,3.5001417892015025,4
2005-02-01,TTE,3.528184417347688,4
2005-02-01,TTE,3.5821413081013835,4
2005-02-01,TTE,3.596927581514759,4
2005-02-01,TTE,3.5742132658617964,4
2005-02-01,TTE,3.636503705862646,4
2005-02-01,TTE,3.6126249237467816,4
2005-02-01,TTE,3.6301104915554783,4
2005-02-01,TTE,3.725163733456867,4
2005-02-01,TTE,3.693358258916908,4
2005-02-01,TTE,3.691873224989881,4
2005-02-01,TTE,3.7783665701088793,4
2005-02-01,TTE,3.7391397387053713,4
2005-02-01,TTE,3.765099021215283,4
2005-02-01,TTE,3.6825630079970058,4
2005-02-01,TTE,3.6301911980508783,4
2005-02-01,TTE,3.5665275769972316,4
2005-02-01,TTE,3.627390071941488,4
2005-02-01,TTE,3.6664490141949737,4
2005-02-01,TTE,3.6440599824974425,4
2005-02-01,TTE,3.656900666169225,4
2005-02-01,TTE,3.579040963100957,4
2005-02-01,TTE,3.659053973746446,4
2005-02-01,TTE,3.597145026999524,4
2005-02-01,TTE,3.5613355242156484,4
2005-02-01,TTE,3.6021576054084745,4
2005-02-01,TTE,3.6283741298382495,4
2005-02-01,TTE,3.626662657886555,4
2005-02-01,TTE,3.677860486828886,4
2005-02-01,TTE,3.548505661732047,4
2005-02-01,TTE,3.4429003966612752,4
2005-02-01,TTE,3.2958331925854005,4
2005-02-01,TTE,3.259339942858289,4
2005-02-01,TTE,3.3261872180037213,4
2005-02-01,TTE,3.349333861721498,4
2005-02-01,TTE,3.3481925012548572,4
2005-02-01,TTE,3.3976652900600044,4
2005-02-01,TTE,3.2547395513747253,4
2005-02-01,TTE,3.1544133913306864,4
2005-02-01,TTE,3.4832735429277952,4
2005-02-01,TTE,3.4778006014078655,4
2005-02-01,TTE,3.500676530715551,4
2005-02-01,TTE,3.5984036088794538,4
2005-02-01,TTE,3.601416072075702,4
2005-02-01,TTE,3.5682522879520873,4
2005-02-01,TTE,3.621248999670157,4
2005-02-01,TTE,3.5901426853848224,4
2005-02-01,TTE,3.570341944422311,4
2005-02-01,TTE,3.5853560399970914,4
2005-02-01,TTE,3.66433875983874,4
2005-02-01,TTE,3.7259444303889286,4
2005-02-01,TTE,3.640147858137496,4
2005-02-01,TTE,3.712888164713528,4
2005-02-01,TTE,3.8660443340672854,4
2005-02-01,TTE,3.749075122212639,4
2005-02-01,TTE,3.749273013219516,4
2005-02-01,TTE,3.7270493448259328,4
2005-02-01,TTE,3.915306716419485,4
2005-02-01,TTE,3.80464120192444,4
2005-02-01,TTE,3.786627632345121,4
2005-02-01,TTE,3.7757974699772614,4
2005-02-01,TTE,3.693508349776272,4
2005-02-01,TTE,3.8705594591798,4
2005-02-01,TTE,4.001302519512036,4
2005-02-01,TTE,3.995840926639856,4
2005-02-01,TTE,4.0240980496820935,4
2005-02-01,TTE,4.022000387525773,4
2005-02-01,TTE,3.974703187764095,4
2005-02-01,TTE,4.067176970335913,4
2005-02-01,TTE,3.940082730774344,4
2005-02-01,TTE,3.963605042152715,4
2005-02-01,TTE,4.031394405701416,4
2005-02-01,TTE,4.064687770865815,4
2005-02-01,TTE,4.10899451782079,4
2005-02-01,TTE,4.133911191464273,4
2005-02-01,TTE,4.155449331655161,4
2005-02-01,TTE,4.1455547944849584,4
2005-02-01,TTE,4.124125789660697,4
2005-02-01,TTE,4.10694935476294,4
2005-02-01,TTE,4.178612761259652,4
2005-02-01,TTE,4.24211144893677,4
2005-02-01,TTE,4.251040653478107,4
2005-02-01,TTE,4.158843683913327,4
2005-02-01,TTE,4.188180257588705,4
2005-02-01,TTE,4.206019708553155,4
2005-02-01,TTE,4.140437127712481,4
2005-02-01,TTE,4.12075528910269,4
2005-02-01,TTE,4.044899753430225,4
2005-02-01,TTE,3.982829843475472,4
2005-02-01,TTE,4.060960097166792,4
2005-02-01,TTE,4.117572685856568,4
2005-02-01,XOM,4.087003188892914,4
2005-02-01,XOM,4.147036623819673,4
2005-02-01,XOM,4.094585558469072,4
2005-02-01,XOM,4.0740275242275565,4
2005-02-01,XOM,4.084124053272555,4
2005-02-01,XOM,4.037691468074343,4
2005-02-01,XOM,4.084353268946528,4
2005-02-01,XOM,4.1265132579145245,4
2005-02-01,XOM,4.053325097886039,4
2005-02-01,XOM,4.022210878031617,4
2005-02-01,XOM,4.039762347859233,4
2005-02-01,XOM,4.03536314929943,4
2005-02-01,XOM,4.021178435305133,4
2005-02-01,XOM,4.03343044643037,4
2005-02-01,XOM,4.024846592644046,4
2005-02-01,XOM,3.9773862815385095,4
2005-02-01,XOM,4.058441383783236,4
2005-02-01,XOM,4.075015078133489,4
2005-02-01,XOM,4.074294872242922,4
2005-02-01,XOM,4.087700414960303,4
2005-02-01,XOM,4.130529172730059,4
2005-02-01,XOM,3.9884849737743298,4
2005-02-01,XOM,3.9836272409455256,4
2005-02-01,XOM,4.02485102264487,4
2005-02-01,XOM,4.068760407255511,4
2005-02-01,XOM,4.097019788188453,4
2005-02-01,XOM,4.082163009072642,4
2005-02-01,XOM,4.065586572718139,4
2005-02-01,XOM,4.1345855774596965,4
2005-02-01,XOM,4.069717725564962,4
2005-02-01,XOM,4.067456148506176,4
2005-02-01,XOM,3.9240830917723426,4
2005-02-01,XOM,3.996072707793466,4
2005-02-01,XOM,4.071612511786545,4
2005-02-01,XOM,4.104803113236886,4
2005-02-01,XOM,4.098346743301072,4
2005-02-01,XOM,3.972261092301412,4
2005-02-01,XOM,4.063211801111373,4
2005-02-01,XOM,4.033141468991509,4
2005-02-01,XOM,3.9507652264132846,4
2005-02-01,XOM,3.9937522642705834,4
2005-02-01,XOM,3.949744813590703,4
2005-02-01,XOM,3.9579982518425223,4
2005-02-01,XOM,3.993915924420525,4
2005-02-01,XOM,3.877636317066559,4
2005-02-01,XOM,3.68898425742925,4
2005-02-01,XOM,3.3996190136883317,4
2005-02-01,XOM,3.6016295260569633,4
2005-02-01,XOM,3.5798755252559142,4
2005-02-01,XOM,3.5824473882939185,4
2005-02-01,XOM,3.5215988981765394,4
2005-02-01,XOM,3.4694046256141786,4
2005-02-01,XOM,3.33758203181855,4
2005-02-01,XOM,3.286487768948411,4
2005-02-01,XOM,3.4425636006240143,4
2005-02-01,XOM,3.5443258433296507,4
2005-02-01,XOM,3.628502893940616,4
2005-02-01,XOM,3.8212148679782807,4
2005-02-01,XOM,3.864553311522253,4
2005-02-01,XOM,3.8894949910003263,4
2005-02-01,XOM,3.909043947805333,4
2005-02-01,XOM,4.001108658350494,4
2005-02-01,XOM,3.909706328642217,4
2005-02-01,XOM,3.855272277171435,4
2005-02-01,XOM,3.946209164223077,4
2005-02-01,XOM,4.037927136779326,4
2005-02-01,XOM,3.963401486006586,4
2005-02-01,XOM,3.9990607034825065,4
2005-02-01,XOM,4.215283668198343,4
2005-02-01,XOM,4.247155822652728,4
2005-02-01,XOM,4.309990287359861,4
2005-02-01,XOM,4.341690041895263,4
2005-02-01,XOM,4.460450072207392,4
2005-02-01,XOM,4.356445382254325,4
2005-02-01,XOM,4.480282100823968,4
2005-02-01,XOM,4.466361131908387,4
2005-02-01,XOM,4.38542737027029,4
2005-02-01,XOM,4.623779297851628,4
2005-02-01,XOM,4.628550947982238,4
2005-02-01,XOM,4.627184237061061,4
2005-02-01,XOM,4.677656764262447,4
2005-02-01,XOM,4.623642169782746,4
2005-02-01,XOM,4.629030438877168,4
2005-02-01,XOM,4.705207652770625,4
2005-02-01,XOM,4.558381804907705,4
2005-02-01,XOM,4.615448300463503,4
2005-02-01,XOM,4.615355036567275,4
2005-02-01,XOM,4.651526156185845,4
2005-02-01,XOM,4.715568709758963,4
2005-02-01,XOM,4.6104727984232445,4
2005-02-01,XOM,4.5806512281339264,4
2005-02-01,XOM,4.56252278323911,4
2005-02-01,XOM,4.590435080388312,4
2005-02-01,XOM,4.606930872618121,4
2005-02-01,XOM,4.722460275188033,4
2005-02-01,XOM,4.739773382184472,4
2005-02-01,XOM,4.731196939974589,4
2005-02-01,XOM,4.7208679869870975,4
2005-02-01,XOM,4.75056497144172,4
2005-02-01,XOM,4.745068917368281,4
2005-02-01,XOM,4.746964059174939,4
2005-02-01,XOM,4.743203339947451,4
2005-02-01,XOM,4.753257073095046,4
2005-02-01,XOM,4.669236860823092,4
2005-02-01,XOM,4.662333876812001,4
2005-02-01,XOM,4.6843509641264784,4
